Latitude,Longitude,Time,Date,Total Water Column (m),Vehicle Speed (kn),Salinity (ppt),Temperature (c),pH,ODO mg/L
25.912781,-80.13788417,43:39.1,2/4/22,2.57,0.0,33.65,26.60000038,7.75,6.48
25.9127845,-80.13788383,43:40.2,2/4/22,2.58,0.0,35.08,26.5,7.75,6.39
25.91278316,-80.1378841,43:41.2,2/4/22,2.6,0.04,33.47,26.5,7.75,6.45
25.91278284,-80.13788136,43:42.2,2/4/22,2.61,0.07,34.1,26.5,7.75,6.4
25.91278368,-80.13788032,43:43.2,2/4/22,2.6,0.18,35.63,26.5,7.75,6.32
25.91278401,-80.13787764,43:44.3,2/4/22,2.62,0.31,33.02,26.39999962,7.75,6.4
25.91277978,-80.13787271,43:45.3,2/4/22,2.68,0.47,33.99,26.39999962,7.75,6.35
25.91277536,-80.13786849,43:46.3,2/4/22,2.73,0.62,36.31,26.39999962,7.75,6.24
25.9127745,-80.13786259,43:47.3,2/4/22,2.77,0.74,35.78,26.29999924,7.75,6.24
25.91276985,-80.13785559,43:48.3,2/4/22,2.8,0.86,35.66,26.29999924,7.75,6.23
25.91276887,-80.13784931,43:49.3,2/4/22,2.94,0.97,37.75,26.29999924,7.75,6.14
25.91276565,-80.13784388,43:50.3,2/4/22,3.06,1.05,37.02,26.20000076,7.75,6.14
25.91276247,-80.13783863,43:51.3,2/4/22,3.21,1.15,37.02,26.20000076,7.75,6.14
25.912759,-80.13783204,43:52.3,2/4/22,3.26,1.19,38.57,26.10000038,7.75,6.08
25.91275442,-80.13782418,43:53.3,2/4/22,3.25,1.23,38.03,26.0,7.75,6.05
25.91274941,-80.1378161,43:54.3,2/4/22,3.26,1.27,38.57,26.0,7.75,6.02
25.91274553,-80.13780779,43:55.3,2/4/22,3.29,1.34,37.79,25.89999962,7.75,6.03
25.91274318,-80.13780044,43:56.4,2/4/22,3.29,1.35,37.79,25.89999962,7.75,6.03
25.91274153,-80.13779467,43:57.4,2/4/22,3.27,1.38,37.12,25.79999924,7.75,6.02
25.91274139,-80.1377863,43:58.4,2/4/22,3.26,1.38,38.19,25.79999924,7.75,5.96
25.9127406,-80.13778084,43:59.4,2/4/22,3.26,1.34,38.19,25.79999924,7.75,5.96
25.91274201,-80.13777201,44:00.4,2/4/22,3.26,1.33,37.45,25.70000076,7.75,5.96
25.91274294,-80.13776397,44:01.4,2/4/22,3.26,1.31,38.87,25.70000076,7.75,5.88
25.91274414,-80.13775569,44:02.4,2/4/22,3.24,1.29,38.87,25.70000076,7.75,5.88
25.91274537,-80.13774772,44:03.4,2/4/22,3.24,1.29,37.75,25.60000038,7.75,5.9
25.91274804,-80.13773937,44:04.4,2/4/22,3.23,1.3,37.28,25.60000038,7.75,5.87
25.91274841,-80.13773274,44:05.4,2/4/22,3.21,1.27,37.28,25.60000038,7.75,5.87
25.91274934,-80.13772468,44:06.4,2/4/22,3.22,1.24,38.38,25.5,7.75,5.8
25.91274973,-80.13771737,44:07.4,2/4/22,3.23,1.24,37.83,25.5,7.75,5.78
25.91274997,-80.13771006,44:08.4,2/4/22,3.21,1.23,37.83,25.5,7.75,5.78
25.91274964,-80.13770402,44:09.4,2/4/22,3.19,1.19,38.94,25.5,7.75,5.72
25.91275005,-80.13769765,44:10.4,2/4/22,3.2,1.2,39.26,25.5,7.75,5.67
25.91275094,-80.13769039,44:11.5,2/4/22,3.2,1.19,39.26,25.5,7.75,5.67
25.91275003,-80.13768421,44:12.5,2/4/22,3.18,1.19,38.51,25.39999962,7.75,5.65
25.91274905,-80.13767851,44:13.5,2/4/22,3.18,1.16,37.16,25.39999962,7.76,5.68
25.91274891,-80.13767166,44:14.5,2/4/22,3.17,1.14,37.16,25.39999962,7.76,5.68
25.91274861,-80.13766578,44:15.5,2/4/22,3.17,1.14,37.93,25.39999962,7.75,5.64
25.91274855,-80.13765987,44:16.5,2/4/22,3.15,1.17,37.57,25.29999924,7.75,5.61
25.91274768,-80.13765415,44:17.5,2/4/22,3.11,1.15,37.57,25.29999924,7.75,5.61
25.91274711,-80.13764817,44:18.5,2/4/22,3.08,1.14,37.29,25.29999924,7.75,5.58
25.91274706,-80.13764248,44:19.5,2/4/22,3.04,1.17,37.29,25.29999924,7.75,5.58
25.91274652,-80.13763619,44:20.5,2/4/22,3.04,1.14,38.7,25.29999924,7.75,5.51
25.91274534,-80.13763087,44:21.5,2/4/22,2.83,1.13,38.1,25.29999924,7.75,5.51
25.91274377,-80.13762507,44:22.5,2/4/22,2.83,1.13,38.1,25.29999924,7.75,5.51
25.91274255,-80.13761944,44:23.5,2/4/22,2.83,1.12,38.13,25.20000076,7.75,5.49
25.91274095,-80.13761556,44:24.5,2/4/22,2.8,1.12,39.27,25.20000076,7.75,5.43
25.91273953,-80.13761171,44:25.5,2/4/22,2.8,1.12,39.27,25.20000076,7.75,5.43
25.9127391,-80.13760685,44:26.5,2/4/22,2.79,1.11,37.44,25.20000076,7.75,5.47
25.91273947,-80.13760146,44:27.5,2/4/22,2.74,1.08,37.4,25.20000076,7.76,5.44
25.91273958,-80.13759615,44:28.5,2/4/22,2.75,1.06,37.4,25.20000076,7.76,5.44
25.91273862,-80.13759063,44:29.5,2/4/22,2.7,1.06,38.24,25.20000076,7.75,5.4
25.91273696,-80.13758611,44:30.5,2/4/22,2.69,1.04,37.88,25.20000076,7.75,5.39
25.91273497,-80.13758181,44:31.5,2/4/22,2.66,1.04,37.88,25.20000076,7.75,5.39
25.91273324,-80.13757748,44:32.5,2/4/22,2.68,1.03,38.85,25.20000076,7.75,5.35
25.91273077,-80.13757393,44:33.5,2/4/22,2.66,1.02,39.1,25.20000076,7.75,5.32
25.91272851,-80.13756948,44:34.5,2/4/22,2.7,1.03,39.1,25.20000076,7.75,5.32
25.91272562,-80.13756561,44:35.5,2/4/22,2.69,1.05,37.41,25.10000038,7.75,5.37
25.91272224,-80.13756072,44:36.5,2/4/22,2.68,1.04,37.3,25.10000038,7.75,5.35
25.91271991,-80.13755669,44:37.5,2/4/22,2.67,1.04,37.3,25.10000038,7.75,5.35
25.91271612,-80.13755237,44:38.5,2/4/22,2.66,1.05,38.06,25.10000038,7.75,5.32
25.912712,-80.13754804,44:39.5,2/4/22,2.64,1.06,37.76,25.10000038,7.75,5.31
25.91270797,-80.13754504,44:40.5,2/4/22,2.63,1.04,37.76,25.10000038,7.75,5.31
25.91270464,-80.13754081,44:41.5,2/4/22,2.6,1.03,39.29,25.10000038,7.75,5.26
25.9127017,-80.13753656,44:42.5,2/4/22,2.59,1.05,38.51,25.10000038,7.75,5.26
25.91269811,-80.13753306,44:43.5,2/4/22,2.59,1.07,38.51,25.10000038,7.75,5.26
25.91269415,-80.13752937,44:44.5,2/4/22,2.56,1.07,38.1,25.10000038,7.75,5.26
25.91269029,-80.13752576,44:45.5,2/4/22,2.57,1.07,37.6,25.10000038,7.75,5.28
25.91268606,-80.13752159,44:46.5,2/4/22,2.53,1.07,37.29,25.10000038,7.76,5.29
25.91268207,-80.13751769,44:47.6,2/4/22,2.55,1.07,37.29,25.10000038,7.76,5.29
25.91267866,-80.13751432,44:48.6,2/4/22,2.52,1.04,38.1,25.10000038,7.75,5.28
25.91267497,-80.1375101,44:49.6,2/4/22,2.45,1.06,37.6,25.10000038,7.75,5.3
25.91267112,-80.1375061,44:50.6,2/4/22,2.41,1.07,38.79,25.10000038,7.75,5.26
25.91266771,-80.13750241,44:51.6,2/4/22,2.37,1.07,38.79,25.10000038,7.75,5.26
25.91266387,-80.13749964,44:52.6,2/4/22,2.37,1.06,37.06,25.10000038,7.75,5.32
25.91266003,-80.13749635,44:53.6,2/4/22,2.35,1.05,38.19,25.0,7.75,5.28
25.91265481,-80.13749322,44:54.7,2/4/22,2.34,1.08,38.19,25.0,7.75,5.28
25.91264905,-80.13749,44:55.7,2/4/22,2.32,1.05,37.65,25.0,7.75,5.3
25.91264417,-80.13748582,44:56.7,2/4/22,2.36,1.05,37.29,25.0,7.75,5.32
25.91263989,-80.13748275,44:57.7,2/4/22,2.32,1.04,38.71,25.0,7.75,5.27
25.91263578,-80.1374784,44:58.7,2/4/22,2.33,1.06,38.71,25.0,7.75,5.27
25.91263188,-80.13747408,44:59.7,2/4/22,2.29,1.05,37.32,25.0,7.75,5.32
25.91262772,-80.13747173,45:00.7,2/4/22,2.28,1.03,37.96,25.0,7.75,5.29
25.91262384,-80.13746907,45:01.7,2/4/22,2.3,0.99,37.73,25.0,7.75,5.29
25.91262065,-80.13746583,45:02.7,2/4/22,2.31,0.97,37.73,25.0,7.75,5.29
25.91261653,-80.13746417,45:03.7,2/4/22,2.34,0.97,39.14,25.0,7.75,5.22
25.91261262,-80.13746393,45:04.7,2/4/22,2.36,0.97,38.59,25.0,7.75,5.24
25.91260848,-80.13746282,45:05.7,2/4/22,2.37,0.92,38.59,25.0,7.75,5.24
25.91260494,-80.13746142,45:06.7,2/4/22,2.42,0.9,37.04,25.0,7.76,5.29
25.91260058,-80.13746066,45:07.8,2/4/22,2.45,0.9,38.21,25.0,7.75,5.25
25.9125956,-80.13746074,45:08.8,2/4/22,2.53,0.9,38.21,25.0,7.75,5.25
25.91259235,-80.1374596,45:09.8,2/4/22,2.59,0.9,37.73,25.0,7.75,5.27
25.91258836,-80.13745943,45:10.8,2/4/22,2.64,0.88,39.2,25.0,7.76,5.22
25.91258316,-80.1374579,45:11.8,2/4/22,2.64,0.86,38.8,25.0,7.76,5.23
25.91257903,-80.13745929,45:12.8,2/4/22,2.86,0.91,38.8,25.0,7.76,5.23
25.91257534,-80.13746068,45:13.8,2/4/22,2.87,0.91,36.97,25.0,7.76,5.29
25.91257235,-80.13746042,45:14.8,2/4/22,2.7,0.89,37.57,24.89999962,7.76,5.27
25.91256752,-80.13746313,45:15.8,2/4/22,2.7,0.92,37.57,24.89999962,7.76,5.27
25.91256339,-80.1374642,45:16.9,2/4/22,2.91,0.93,37.84,24.89999962,7.75,5.27
25.9125604,-80.13746763,45:17.9,2/4/22,3.04,0.96,37.58,24.89999962,7.75,5.27
25.9125567,-80.1374708,45:18.9,2/4/22,3.12,0.97,37.58,24.89999962,7.75,5.27
25.91255316,-80.1374732,45:19.9,2/4/22,3.13,0.99,39.08,24.89999962,7.76,5.21
25.9125497,-80.13747545,45:20.9,2/4/22,3.16,1.01,38.76,24.89999962,7.75,5.22
25.91254532,-80.13747901,45:21.9,2/4/22,3.21,1.02,38.76,24.89999962,7.75,5.22
25.91254115,-80.13748215,45:22.9,2/4/22,3.23,1.03,38.27,24.89999962,7.76,5.24
25.912537,-80.13748542,45:23.9,2/4/22,3.26,1.04,37.32,24.89999962,7.77,5.27
25.91253376,-80.13748844,45:24.9,2/4/22,3.25,1.06,37.32,24.89999962,7.77,5.27
25.91252954,-80.13749132,45:25.9,2/4/22,3.26,1.06,37.91,24.89999962,7.76,5.24
25.91252565,-80.13749514,45:26.9,2/4/22,3.32,1.05,37.91,24.89999962,7.76,5.24
25.91252135,-80.13749897,45:27.9,2/4/22,3.32,1.05,37.73,24.89999962,7.76,5.24
25.91251647,-80.13750274,45:28.9,2/4/22,3.37,1.06,37.52,24.89999962,7.76,5.24
25.91251136,-80.13750887,45:29.9,2/4/22,3.37,1.06,39.26,24.89999962,7.74,5.18
25.91250719,-80.1375128,45:30.9,2/4/22,3.39,1.09,39.26,24.89999962,7.74,5.18
25.91250417,-80.137519,45:31.9,2/4/22,3.43,1.08,37.31,24.79999924,7.76,5.25
25.9125005,-80.13752317,45:32.9,2/4/22,3.43,1.08,38.94,24.79999924,7.76,5.19
25.91249633,-80.13752683,45:34.0,2/4/22,3.41,1.07,38.6,24.79999924,7.74,5.2
25.91249101,-80.13753111,45:35.0,2/4/22,3.43,1.07,38.6,24.79999924,7.74,5.2
25.91248634,-80.13753476,45:36.0,2/4/22,3.47,1.09,37.1,24.79999924,7.76,5.25
25.9124825,-80.13753883,45:37.0,2/4/22,3.46,1.09,37.07,24.79999924,7.76,5.25
25.91247833,-80.13754233,45:38.0,2/4/22,3.46,1.1,37.07,24.79999924,7.76,5.25
25.91247351,-80.13754591,45:39.0,2/4/22,3.49,1.07,37.09,24.79999924,7.76,5.26
25.91246959,-80.13754946,45:40.0,2/4/22,3.51,1.09,37.09,24.79999924,7.76,5.26
25.91246542,-80.1375538,45:41.0,2/4/22,3.48,1.1,38.09,24.79999924,7.76,5.23
25.91246142,-80.13755796,45:42.0,2/4/22,3.5,1.1,37.42,24.79999924,7.76,5.23
25.91245748,-80.13756158,45:43.0,2/4/22,3.52,1.11,37.47,24.79999924,7.76,5.23
25.91245417,-80.13756467,45:44.0,2/4/22,3.53,1.1,37.47,24.79999924,7.76,5.23
25.91245083,-80.13756733,45:45.0,2/4/22,3.53,1.1,37.94,24.79999924,7.76,5.21
25.91244633,-80.13757075,45:46.0,2/4/22,3.55,1.09,37.89,24.70000076,7.75,5.22
25.91244183,-80.13757441,45:47.0,2/4/22,3.54,1.08,37.89,24.70000076,7.75,5.22
25.91243783,-80.13757867,45:48.0,2/4/22,3.56,1.06,37.9,24.70000076,7.76,5.21
25.91243317,-80.13758233,45:49.0,2/4/22,3.55,1.06,38.01,24.70000076,7.76,5.18
25.91242815,-80.13758622,45:50.0,2/4/22,3.53,1.09,38.01,24.70000076,7.76,5.18
25.91242358,-80.13758843,45:51.0,2/4/22,3.51,1.1,37.7,24.70000076,7.76,5.2
25.91241942,-80.13759061,45:51.0,2/4/22,3.51,1.09,37.97,24.70000076,7.76,5.18
25.91241483,-80.13759258,45:53.0,2/4/22,3.51,1.09,37.83,24.70000076,7.76,5.18
25.91241032,-80.13759424,45:54.0,2/4/22,3.48,1.09,37.83,24.70000076,7.75,5.18
25.91240627,-80.13759728,45:55.0,2/4/22,3.45,1.07,37.83,24.70000076,7.75,5.18
25.91240241,-80.13760011,45:56.0,2/4/22,3.42,1.11,38.07,24.70000076,7.77,5.16
25.91239766,-80.13760284,45:57.0,2/4/22,3.4,1.09,37.85,24.70000076,7.76,5.17
25.9123944,-80.13760559,45:58.0,2/4/22,3.38,1.1,37.83,24.70000076,7.76,5.16
25.91239023,-80.13760804,45:59.1,2/4/22,3.34,1.09,37.81,24.70000076,7.76,5.16
25.91238542,-80.13761023,46:00.1,2/4/22,3.3,1.08,37.91,24.60000038,7.76,5.15
25.91238094,-80.13761194,46:01.1,2/4/22,3.29,1.06,37.59,24.60000038,7.76,5.16
25.91237594,-80.13761304,46:02.1,2/4/22,3.26,1.06,37.95,24.60000038,7.76,5.15
25.91237079,-80.13761348,46:03.1,2/4/22,3.24,1.05,37.27,24.60000038,7.76,5.17
25.91236576,-80.13761359,46:04.1,2/4/22,3.24,1.06,38.02,24.60000038,7.76,5.15
25.91236063,-80.13761385,46:05.1,2/4/22,3.21,1.04,37.29,24.60000038,7.75,5.17
25.91235563,-80.13761381,46:06.1,2/4/22,3.21,1.05,38.28,24.60000038,7.76,5.13
25.91235061,-80.13761382,46:07.1,2/4/22,3.2,1.05,37.03,24.60000038,7.76,5.18
25.91234544,-80.13761347,46:08.1,2/4/22,3.16,1.06,38.34,24.60000038,7.76,5.12
25.91233996,-80.13761276,46:09.1,2/4/22,3.16,1.05,36.95,24.60000038,7.75,5.18
25.91233446,-80.13761192,46:10.2,2/4/22,3.16,1.06,38.36,24.60000038,7.76,5.13
25.91232977,-80.1376111,46:11.2,2/4/22,3.14,1.07,37.11,24.60000038,7.76,5.17
25.91232447,-80.13761051,46:12.2,2/4/22,3.14,1.06,38.3,24.60000038,7.76,5.12
25.91231948,-80.13760948,46:13.2,2/4/22,3.11,1.06,36.92,24.60000038,7.76,5.16
25.91231395,-80.13760834,46:14.2,2/4/22,3.1,1.06,38.49,24.60000038,7.76,5.1
25.91230896,-80.13760699,46:15.2,2/4/22,3.1,1.05,36.98,24.60000038,7.76,5.15
25.91230416,-80.1376061,46:16.2,2/4/22,3.08,1.05,38.56,24.60000038,7.76,5.11
25.91229916,-80.13760457,46:17.2,2/4/22,3.06,1.06,36.97,24.60000038,7.76,5.16
25.91229381,-80.13760311,46:18.2,2/4/22,3.03,1.05,38.39,24.60000038,7.76,5.11
25.91228882,-80.13760136,46:19.2,2/4/22,3.04,1.06,36.94,24.60000038,7.76,5.16
25.91228428,-80.13759961,46:20.2,2/4/22,3.04,1.06,38.41,24.60000038,7.76,5.11
25.91227966,-80.13759797,46:21.2,2/4/22,3.05,1.07,37.22,24.60000038,7.76,5.15
25.91227481,-80.13759631,46:22.2,2/4/22,3.04,1.08,38.45,24.60000038,7.76,5.12
25.91226968,-80.13759495,46:23.2,2/4/22,3.01,1.08,36.96,24.60000038,7.76,5.17
25.91226454,-80.13759336,46:24.2,2/4/22,2.99,1.09,38.5,24.60000038,7.76,5.12
25.91225997,-80.13759171,46:25.2,2/4/22,3.0,1.06,37.07,24.60000038,7.76,5.17
25.91225553,-80.13759006,46:26.2,2/4/22,3.0,1.03,38.5,24.60000038,7.75,5.13
25.91225166,-80.13758845,46:27.2,2/4/22,3.01,1.0,37.04,24.5,7.76,5.18
25.91224773,-80.13758575,46:28.2,2/4/22,3.02,0.98,38.53,24.60000038,7.76,5.14
25.91224342,-80.13758221,46:29.2,2/4/22,2.99,0.97,36.92,24.60000038,7.76,5.19
25.91223993,-80.13757904,46:30.2,2/4/22,2.98,0.96,38.55,24.5,7.75,5.15
25.9122366,-80.13757521,46:31.2,2/4/22,3.07,0.99,37.18,24.5,7.76,5.19
25.91223393,-80.13757186,46:32.2,2/4/22,3.08,1.0,38.47,24.5,7.75,5.16
25.91223141,-80.13756784,46:33.2,2/4/22,3.11,0.99,37.0,24.5,7.76,5.21
25.91222856,-80.13756335,46:34.2,2/4/22,3.14,0.97,38.59,24.5,7.75,5.16
25.91222577,-80.13755866,46:35.2,2/4/22,3.13,0.98,37.0,24.5,7.76,5.21
25.91222333,-80.13755427,46:36.2,2/4/22,3.15,1.0,38.73,24.5,7.76,5.16
25.91222101,-80.13754866,46:37.2,2/4/22,3.16,1.0,37.06,24.5,7.76,5.22
25.91221903,-80.13754457,46:38.2,2/4/22,3.17,1.01,38.72,24.5,7.76,5.17
25.91221728,-80.13753975,46:39.2,2/4/22,3.19,0.98,37.2,24.5,7.75,5.23
25.91221557,-80.13753402,46:40.2,2/4/22,3.2,0.99,38.98,24.5,7.76,5.17
25.912214,-80.13752884,46:41.3,2/4/22,3.24,0.97,37.37,24.5,7.75,5.22
25.91221273,-80.13752353,46:42.3,2/4/22,3.28,0.99,38.99,24.5,7.76,5.17
25.91221182,-80.137519,46:43.3,2/4/22,3.29,1.0,37.32,24.5,7.75,5.22
25.9122108,-80.13751322,46:44.3,2/4/22,3.32,1.02,39.35,24.5,7.76,5.16
25.91221,-80.13750751,46:45.3,2/4/22,3.35,1.04,38.96,24.5,7.76,5.18
25.91220916,-80.13750215,46:46.3,2/4/22,3.38,1.05,38.96,24.5,7.76,5.18
25.91220851,-80.13749699,46:47.3,2/4/22,3.44,1.05,37.44,24.5,7.75,5.23
25.91220804,-80.13749116,46:48.3,2/4/22,3.35,1.04,37.58,24.5,7.77,5.23
25.91220759,-80.13748544,46:49.3,2/4/22,3.37,1.03,38.69,24.5,7.76,5.19
25.91220711,-80.13748052,46:50.4,2/4/22,3.5,1.03,38.69,24.5,7.76,5.19
25.91220674,-80.13747467,46:51.4,2/4/22,3.51,1.04,37.6,24.5,7.75,5.22
25.91220682,-80.13746905,46:52.4,2/4/22,3.53,1.09,37.74,24.5,7.77,5.22
25.91220629,-80.13746373,46:53.4,2/4/22,3.55,1.09,37.74,24.5,7.77,5.22
25.91220549,-80.13745843,46:54.4,2/4/22,3.56,1.07,37.38,24.5,7.75,5.22
25.9122044,-80.13745276,46:55.4,2/4/22,3.58,1.07,37.86,24.5,7.75,5.22
25.91220417,-80.13744694,46:56.4,2/4/22,3.61,1.07,36.9,24.5,7.75,5.24
25.91220331,-80.13744122,46:57.4,2/4/22,3.62,1.06,36.9,24.5,7.75,5.24
25.91220348,-80.13743558,46:58.4,2/4/22,3.64,1.05,36.9,24.5,7.75,5.24
25.91220272,-80.13743018,46:59.4,2/4/22,3.65,1.05,38.24,24.5,7.75,5.2
25.91220213,-80.13742489,47:00.5,2/4/22,3.7,1.06,38.53,24.5,7.75,5.2
25.91220103,-80.13741973,47:01.5,2/4/22,3.7,1.05,38.53,24.5,7.75,5.2
25.91220043,-80.13741443,47:02.5,2/4/22,3.7,1.07,37.13,24.5,7.75,5.25
25.91219922,-80.13740892,47:03.5,2/4/22,3.72,1.08,39.14,24.39999962,7.75,5.18
25.91219863,-80.13740304,47:04.5,2/4/22,3.72,1.06,38.91,24.5,7.75,5.18
25.91219776,-80.13739744,47:05.5,2/4/22,3.76,1.06,38.91,24.5,7.75,5.18
25.91219776,-80.13739137,47:06.5,2/4/22,3.77,1.08,37.4,24.39999962,7.75,5.23
25.91219799,-80.13738623,47:07.5,2/4/22,3.76,1.09,38.58,24.39999962,7.76,5.19
25.91219729,-80.13737999,47:08.5,2/4/22,3.79,1.07,37.57,24.39999962,7.75,5.23
25.91219655,-80.13737405,47:09.5,2/4/22,3.75,1.08,37.66,24.39999962,7.75,5.22
25.91219621,-80.13736801,47:10.5,2/4/22,3.76,1.09,37.66,24.39999962,7.75,5.22
25.91219559,-80.13736197,47:11.5,2/4/22,3.77,1.1,37.09,24.39999962,7.75,5.23
25.91219473,-80.137356,47:12.5,2/4/22,3.75,1.11,36.77,24.39999962,7.75,5.25
25.91219418,-80.13735083,47:13.5,2/4/22,3.74,1.1,36.77,24.39999962,7.75,5.25
25.91219365,-80.13734533,47:14.5,2/4/22,3.71,1.09,38.49,24.39999962,7.75,5.2
25.91219291,-80.13733932,47:15.6,2/4/22,3.73,1.1,37.03,24.39999962,7.75,5.24
25.91219255,-80.13733219,47:16.6,2/4/22,3.71,1.09,38.69,24.39999962,7.75,5.19
25.91219161,-80.13732606,47:17.6,2/4/22,3.71,1.08,37.14,24.39999962,7.75,5.25
25.91219129,-80.13732008,47:18.6,2/4/22,3.71,1.08,37.3,24.39999962,7.75,5.24
25.91219051,-80.13731376,47:19.6,2/4/22,3.68,1.08,37.3,24.39999962,7.75,5.24
25.91218979,-80.13730842,47:20.6,2/4/22,3.67,1.09,38.43,24.39999962,7.76,5.2
25.91218872,-80.13730323,47:21.6,2/4/22,3.68,1.08,37.22,24.39999962,7.74,5.23
25.91218665,-80.13729753,47:22.6,2/4/22,3.65,1.08,37.22,24.39999962,7.74,5.23
25.91218485,-80.13729183,47:23.6,2/4/22,3.63,1.11,37.94,24.39999962,7.75,5.21
25.91218261,-80.13728652,47:24.6,2/4/22,3.64,1.11,38.32,24.39999962,7.75,5.19
25.91218078,-80.13728207,47:25.6,2/4/22,3.62,1.09,38.32,24.39999962,7.75,5.19
25.9121788,-80.13727685,47:26.6,2/4/22,3.59,1.08,37.02,24.39999962,7.75,5.22
25.9121769,-80.13727187,47:27.6,2/4/22,3.61,1.1,38.84,24.39999962,7.75,5.16
25.91217473,-80.13726696,47:28.6,2/4/22,3.6,1.12,37.33,24.39999962,7.77,5.21
25.91217182,-80.13726106,47:29.6,2/4/22,3.57,1.11,37.48,24.39999962,7.75,5.2
25.91216921,-80.13725627,47:30.6,2/4/22,3.54,1.1,37.48,24.39999962,7.75,5.2
25.91216708,-80.13725183,47:31.6,2/4/22,3.53,1.11,37.76,24.39999962,7.74,5.18
25.91216475,-80.13724684,47:32.6,2/4/22,3.53,1.1,37.76,24.39999962,7.74,5.18
25.91216224,-80.13724112,47:33.6,2/4/22,3.51,1.05,36.91,24.39999962,7.75,5.21
25.91216045,-80.13723628,47:34.7,2/4/22,3.48,1.05,36.96,24.39999962,7.75,5.21
25.91215844,-80.13723177,47:35.7,2/4/22,3.49,1.06,36.96,24.39999962,7.75,5.21
25.91215618,-80.13722609,47:36.7,2/4/22,3.45,1.07,38.59,24.39999962,7.75,5.16
25.91215368,-80.13722139,47:37.7,2/4/22,3.45,1.07,38.85,24.39999962,7.76,5.16
25.91215185,-80.13721738,47:38.7,2/4/22,3.44,1.06,37.24,24.39999962,7.75,5.21
25.91215028,-80.13721288,47:39.7,2/4/22,3.42,1.05,38.42,24.29999924,7.75,5.16
25.91214846,-80.13720695,47:40.7,2/4/22,3.39,1.05,38.42,24.29999924,7.75,5.16
25.9121464,-80.13720238,47:41.7,2/4/22,3.39,1.05,37.51,24.29999924,7.75,5.19
25.91214455,-80.13719776,47:42.7,2/4/22,3.42,1.03,37.8,24.39999962,7.75,5.2
25.91214344,-80.13719286,47:43.7,2/4/22,3.37,1.04,37.8,24.39999962,7.75,5.2
25.91214164,-80.13718814,47:44.7,2/4/22,3.34,1.05,36.95,24.29999924,7.75,5.23
25.91213964,-80.13718384,47:45.7,2/4/22,3.32,1.05,38.32,24.29999924,7.75,5.18
25.91213661,-80.13717927,47:46.7,2/4/22,3.33,1.05,38.78,24.29999924,7.75,5.17
25.91213374,-80.13717545,47:47.7,2/4/22,3.3,1.06,38.78,24.29999924,7.75,5.17
25.91213094,-80.13717043,47:48.7,2/4/22,3.3,1.06,37.13,24.29999924,7.75,5.22
25.91212807,-80.13716633,47:49.7,2/4/22,3.29,1.06,37.41,24.29999924,7.77,5.22
25.91212499,-80.13716162,47:50.7,2/4/22,3.26,1.07,37.41,24.29999924,7.77,5.22
25.91212155,-80.13715713,47:51.7,2/4/22,3.23,1.06,37.76,24.29999924,7.75,5.2
25.91211895,-80.13715241,47:52.7,2/4/22,3.23,1.07,36.85,24.29999924,7.75,5.21
25.91211659,-80.13714806,47:53.7,2/4/22,3.22,1.07,38.13,24.29999924,7.76,5.18
25.91211355,-80.1371439,47:54.7,2/4/22,3.21,1.07,38.13,24.29999924,7.76,5.18
25.91211028,-80.1371399,47:55.7,2/4/22,3.2,1.07,36.81,24.29999924,7.75,5.23
25.91210726,-80.137136,47:56.7,2/4/22,3.2,1.05,37.1,24.29999924,7.75,5.22
25.91210499,-80.13713218,47:57.7,2/4/22,3.2,1.04,37.1,24.29999924,7.75,5.22
25.91210226,-80.13712797,47:58.7,2/4/22,3.16,1.05,39.14,24.29999924,7.76,5.17
25.91209911,-80.13712366,47:59.7,2/4/22,3.18,1.05,38.85,24.29999924,7.74,5.17
25.91209632,-80.13712029,48:00.7,2/4/22,3.15,1.06,37.39,24.29999924,7.75,5.21
25.91209365,-80.13711663,48:01.7,2/4/22,3.14,1.07,37.39,24.29999924,7.75,5.21
25.91208935,-80.13711213,48:02.7,2/4/22,3.12,1.06,38.68,24.29999924,7.75,5.18
25.91208575,-80.13710828,48:03.7,2/4/22,3.13,1.07,38.2,24.29999924,7.75,5.21
25.91208274,-80.13710407,48:04.7,2/4/22,3.12,1.07,38.2,24.29999924,7.75,5.21
25.91208005,-80.13709985,48:05.7,2/4/22,3.08,1.07,37.49,24.29999924,7.75,5.24
25.91207695,-80.13709605,48:06.8,2/4/22,3.08,1.06,37.83,24.29999924,7.75,5.24
25.91207429,-80.13709119,48:07.8,2/4/22,3.09,1.03,37.83,24.29999924,7.75,5.24
25.91207119,-80.13708664,48:08.8,2/4/22,3.08,1.0,36.75,24.29999924,7.75,5.27
25.91206825,-80.13708319,48:09.8,2/4/22,3.09,0.97,36.68,24.29999924,7.75,5.28
25.91206445,-80.13707958,48:10.8,2/4/22,3.08,0.96,36.68,24.29999924,7.75,5.28
25.91206127,-80.1370767,48:11.8,2/4/22,3.07,0.93,38.43,24.29999924,7.75,5.23
25.91205771,-80.13707387,48:12.8,2/4/22,3.05,0.9,38.64,24.29999924,7.75,5.24
25.91205409,-80.13707165,48:13.8,2/4/22,3.09,0.88,37.16,24.29999924,7.75,5.29
25.91205024,-80.13706957,48:14.8,2/4/22,3.11,0.87,38.93,24.29999924,7.75,5.23
25.91204602,-80.13706736,48:15.8,2/4/22,3.13,0.87,38.93,24.29999924,7.75,5.23
25.91204238,-80.13706634,48:16.8,2/4/22,3.14,0.87,37.36,24.29999924,7.75,5.28
25.9120381,-80.13706575,48:17.8,2/4/22,3.15,0.85,37.46,24.29999924,7.75,5.28
25.91203309,-80.13706493,48:18.8,2/4/22,3.17,0.86,37.46,24.29999924,7.75,5.28
25.91202897,-80.13706503,48:19.8,2/4/22,3.21,0.84,37.09,24.29999924,7.75,5.28
25.91202455,-80.13706479,48:20.8,2/4/22,3.23,0.87,36.59,24.29999924,7.75,5.31
25.9120207,-80.13706519,48:21.8,2/4/22,3.26,0.88,38.12,24.29999924,7.75,5.26
25.91201657,-80.13706658,48:22.8,2/4/22,3.27,0.89,38.12,24.29999924,7.75,5.26
25.91201305,-80.13706786,48:23.8,2/4/22,3.32,0.9,36.88,24.29999924,7.75,5.31
25.91200938,-80.13706984,48:24.8,2/4/22,3.33,0.91,38.68,24.29999924,7.75,5.25
25.9120055,-80.13707221,48:25.8,2/4/22,3.36,0.93,38.6,24.29999924,7.75,5.25
25.9120021,-80.13707469,48:26.9,2/4/22,3.39,0.96,38.6,24.29999924,7.75,5.25
25.91199863,-80.13707765,48:27.9,2/4/22,3.41,0.97,37.43,24.29999924,7.75,5.29
25.91199555,-80.13708033,48:28.9,2/4/22,3.43,0.99,37.79,24.29999924,7.75,5.27
25.91199129,-80.13708344,48:29.9,2/4/22,3.47,1.01,37.79,24.29999924,7.75,5.27
25.91198789,-80.13708649,48:30.9,2/4/22,3.52,1.01,36.77,24.29999924,7.75,5.3
25.91198384,-80.1370893,48:31.9,2/4/22,3.55,1.04,37.01,24.29999924,7.75,5.3
25.91198024,-80.13709211,48:32.9,2/4/22,3.56,1.03,37.01,24.29999924,7.75,5.3
25.9119765,-80.1370965,48:34.0,2/4/22,3.58,1.03,37.36,24.29999924,7.75,5.28
25.91197283,-80.13710083,48:35.0,2/4/22,3.62,1.04,37.36,24.29999924,7.75,5.28
25.911969,-80.137104,48:36.0,2/4/22,3.64,1.05,37.1,24.29999924,7.75,5.29
25.91196517,-80.13710733,48:37.0,2/4/22,3.65,1.05,36.83,24.29999924,7.75,5.3
25.9119613,-80.13711117,48:38.0,2/4/22,3.67,1.07,36.83,24.29999924,7.75,5.3
25.91195779,-80.1371147,48:39.0,2/4/22,3.71,1.09,38.69,24.29999924,7.75,5.24
25.911955,-80.137118,48:40.0,2/4/22,3.73,1.06,38.77,24.20000076,7.75,5.24
25.91195183,-80.1371215,48:41.0,2/4/22,3.75,1.07,38.77,24.20000076,7.75,5.24
25.91194746,-80.13712501,48:42.0,2/4/22,3.78,1.07,37.34,24.29999924,7.75,5.3
25.91194369,-80.13712862,48:43.0,2/4/22,3.79,1.07,37.17,24.29999924,7.76,5.3
25.91194003,-80.13713231,48:44.0,2/4/22,3.78,1.07,36.72,24.20000076,7.75,5.31
25.91193578,-80.13713533,48:45.0,2/4/22,3.81,1.08,36.72,24.20000076,7.75,5.31
25.91193161,-80.13713899,48:46.0,2/4/22,3.85,1.08,38.55,24.20000076,7.75,5.25
25.91192768,-80.13714227,48:47.0,2/4/22,3.9,1.07,36.95,24.20000076,7.75,5.31
25.91192401,-80.13714577,48:48.0,2/4/22,3.9,1.08,38.76,24.20000076,7.75,5.24
25.91191926,-80.13714911,48:49.0,2/4/22,3.92,1.07,37.79,24.20000076,7.75,5.27
25.91191535,-80.13715248,48:50.0,2/4/22,3.92,1.08,37.6,24.20000076,7.75,5.28
25.91191118,-80.1371556,48:51.0,2/4/22,3.95,1.08,37.6,24.20000076,7.75,5.28
25.91190681,-80.1371586,48:52.0,2/4/22,3.96,1.13,36.76,24.20000076,7.74,5.31
25.91190258,-80.13716178,48:53.0,2/4/22,3.97,1.1,36.98,24.20000076,7.76,5.31
25.9118985,-80.13716476,48:54.0,2/4/22,3.95,1.1,36.98,24.20000076,7.76,5.31
25.91189452,-80.13716814,48:55.1,2/4/22,3.98,1.1,37.15,24.20000076,7.75,5.31
25.91188961,-80.1371705,48:56.1,2/4/22,3.99,1.09,38.54,24.20000076,7.75,5.27
25.91188511,-80.13717367,48:57.1,2/4/22,4.0,1.1,37.35,24.20000076,7.75,5.32
25.91188071,-80.13717666,48:58.1,2/4/22,3.98,1.08,37.38,24.20000076,7.75,5.31
25.91187616,-80.13717958,48:59.1,2/4/22,3.98,1.08,37.65,24.20000076,7.75,5.31
25.91187236,-80.1371826,49:00.1,2/4/22,3.99,1.06,36.72,24.20000076,7.75,5.34
25.91186825,-80.13718589,49:01.1,2/4/22,4.02,1.07,38.42,24.20000076,7.75,5.29
25.91186454,-80.13719015,49:02.1,2/4/22,3.99,1.07,36.88,24.20000076,7.75,5.35
25.91186057,-80.13719421,49:03.1,2/4/22,3.94,1.05,38.65,24.20000076,7.75,5.29
25.91185773,-80.1371984,49:04.1,2/4/22,3.94,1.07,37.19,24.20000076,7.75,5.36
25.91185515,-80.1372028,49:05.1,2/4/22,3.96,1.1,38.14,24.20000076,7.75,5.33
25.91185072,-80.13720658,49:06.1,2/4/22,3.94,1.09,37.47,24.20000076,7.75,5.34
25.91184708,-80.13721065,49:07.1,2/4/22,3.9,1.1,36.56,24.20000076,7.75,5.38
25.9118437,-80.13721435,49:08.1,2/4/22,3.89,1.1,37.93,24.20000076,7.75,5.33
25.91184035,-80.13721831,49:09.1,2/4/22,3.87,1.08,36.72,24.20000076,7.74,5.38
25.91183721,-80.13722199,49:10.1,2/4/22,3.86,1.1,38.71,24.20000076,7.75,5.32
25.91183421,-80.13722617,49:11.1,2/4/22,3.88,1.11,36.97,24.20000076,7.75,5.38
25.91183069,-80.13723055,49:12.1,2/4/22,3.85,1.12,38.77,24.20000076,7.75,5.32
25.91182804,-80.13723501,49:13.1,2/4/22,3.82,1.12,37.22,24.20000076,7.75,5.39
25.9118241,-80.13723969,49:14.1,2/4/22,3.78,1.11,37.35,24.20000076,7.75,5.39
25.91182121,-80.13724408,49:15.1,2/4/22,3.74,1.13,37.67,24.20000076,7.73,5.38
25.91181893,-80.13724861,49:16.1,2/4/22,3.71,1.13,36.61,24.20000076,7.75,5.43
25.91181495,-80.13725392,49:17.1,2/4/22,3.71,1.13,38.22,24.20000076,7.75,5.38
25.91181078,-80.1372579,49:18.1,2/4/22,3.71,1.13,36.73,24.20000076,7.75,5.43
25.91180752,-80.13726239,49:19.1,2/4/22,3.66,1.12,38.72,24.20000076,7.75,5.36
25.91180507,-80.13726671,49:20.1,2/4/22,3.63,1.11,37.15,24.20000076,7.75,5.42
25.9118019,-80.13727103,49:21.1,2/4/22,3.59,1.12,37.98,24.20000076,7.76,5.39
25.91179878,-80.13727592,49:22.1,2/4/22,3.6,1.09,37.47,24.20000076,7.75,5.42
25.91179559,-80.1372802,49:23.1,2/4/22,3.56,1.07,36.59,24.20000076,7.75,5.44
25.91179329,-80.13728499,49:24.1,2/4/22,3.53,1.08,38.01,24.20000076,7.75,5.4
25.91179058,-80.13728945,49:25.1,2/4/22,3.51,1.08,36.68,24.20000076,7.75,5.46
25.91178749,-80.13729379,49:26.1,2/4/22,3.5,1.09,38.62,24.20000076,7.75,5.39
25.91178419,-80.13729758,49:27.1,2/4/22,3.48,1.09,37.08,24.20000076,7.75,5.45
25.91178079,-80.13730109,49:28.1,2/4/22,3.45,1.07,38.44,24.20000076,7.75,5.4
25.91177713,-80.13730476,49:29.1,2/4/22,3.41,1.07,37.34,24.20000076,7.75,5.45
25.91177376,-80.13730849,49:30.1,2/4/22,3.38,1.07,36.76,24.20000076,7.75,5.46
25.91176976,-80.13731204,49:31.2,2/4/22,3.36,1.08,37.77,24.20000076,7.75,5.44
25.91176502,-80.13731564,49:32.2,2/4/22,3.34,1.12,36.56,24.20000076,7.75,5.49
25.91176188,-80.13731863,49:33.2,2/4/22,3.28,1.1,38.62,24.20000076,7.75,5.42
25.9117565,-80.13732145,49:34.2,2/4/22,3.27,1.08,36.97,24.20000076,7.75,5.48
25.91175238,-80.13732472,49:35.2,2/4/22,3.25,1.08,38.68,24.20000076,7.75,5.43
25.91174854,-80.13732765,49:36.3,2/4/22,3.23,1.07,37.37,24.20000076,7.75,5.49
25.91174508,-80.13733108,49:37.3,2/4/22,3.18,1.08,37.17,24.20000076,7.75,5.5
25.91174103,-80.13733466,49:38.3,2/4/22,3.14,1.07,37.79,24.20000076,7.74,5.49
25.91173771,-80.13733818,49:39.3,2/4/22,3.1,1.07,36.59,24.20000076,7.75,5.53
25.91173374,-80.13734086,49:40.3,2/4/22,3.08,1.07,38.52,24.20000076,7.75,5.47
25.91172974,-80.13734388,49:41.3,2/4/22,3.03,1.07,36.85,24.20000076,7.75,5.54
25.9117248,-80.13734734,49:42.3,2/4/22,3.01,1.08,38.7,24.10000038,7.74,5.48
25.91172079,-80.1373505,49:43.3,2/4/22,2.97,1.08,37.31,24.20000076,7.75,5.53
25.91171701,-80.13735312,49:44.3,2/4/22,2.94,1.1,37.17,24.20000076,7.75,5.53
25.91171258,-80.13735641,49:45.4,2/4/22,2.87,1.08,36.57,24.20000076,7.74,5.55
25.91170849,-80.13735981,49:46.4,2/4/22,2.85,1.07,36.57,24.20000076,7.74,5.55
25.9117051,-80.13736334,49:47.4,2/4/22,2.81,1.07,38.23,24.20000076,7.75,5.5
25.91170011,-80.13736634,49:48.4,2/4/22,2.74,1.08,38.88,24.20000076,7.75,5.51
25.91169613,-80.13736912,49:49.4,2/4/22,2.68,1.07,38.88,24.20000076,7.75,5.51
25.91169204,-80.13737234,49:50.4,2/4/22,2.55,1.06,37.36,24.20000076,7.75,5.57
25.9116876,-80.13737536,49:51.4,2/4/22,2.42,1.06,37.49,24.20000076,7.75,5.56
25.9116831,-80.1373781,49:52.5,2/4/22,2.2,1.02,37.49,24.20000076,7.75,5.56
25.91167905,-80.13738053,49:53.5,2/4/22,2.07,1.02,36.47,24.10000038,7.75,5.59
25.91167477,-80.13738245,49:54.5,2/4/22,1.97,1.01,36.71,24.10000038,7.74,5.6
25.91166973,-80.13738417,49:55.5,2/4/22,1.83,0.98,36.71,24.10000038,7.74,5.6
25.91166536,-80.13738519,49:56.6,2/4/22,1.8,0.98,38.6,24.10000038,7.75,5.54
25.91166073,-80.13738514,49:57.6,2/4/22,1.7,0.98,38.42,24.10000038,7.75,5.54
25.91165574,-80.1373849,49:58.6,2/4/22,1.56,1.0,38.42,24.10000038,7.75,5.54
25.91165108,-80.13738479,49:59.6,2/4/22,1.52,0.95,36.77,24.10000038,7.75,5.61
25.91164649,-80.13738396,50:00.6,2/4/22,1.52,0.96,37.71,24.10000038,7.75,5.58
25.91164257,-80.1373831,50:01.6,2/4/22,1.42,0.93,37.71,24.10000038,7.75,5.58
25.91163818,-80.13738208,50:02.6,2/4/22,1.36,0.95,36.53,24.10000038,7.75,5.63
25.91163412,-80.13738076,50:03.6,2/4/22,1.33,0.96,37.06,24.10000038,7.75,5.61
25.91162992,-80.13737945,50:04.6,2/4/22,1.32,0.96,37.06,24.10000038,7.75,5.61
25.91162592,-80.13737816,50:05.6,2/4/22,1.29,0.96,38.53,24.10000038,7.74,5.57
25.91162099,-80.13737683,50:06.6,2/4/22,1.31,0.92,37.41,24.10000038,7.75,5.62
25.91161694,-80.13737529,50:07.6,2/4/22,1.31,0.96,37.41,24.10000038,7.75,5.62
25.91161266,-80.13737337,50:08.6,2/4/22,1.28,0.95,37.71,24.10000038,7.75,5.63
25.91160796,-80.13737118,50:09.6,2/4/22,1.28,0.97,38.34,24.10000038,7.74,5.6
25.91160367,-80.13736857,50:10.6,2/4/22,1.33,0.96,38.34,24.10000038,7.74,5.6
25.91159932,-80.13736595,50:11.6,2/4/22,1.33,0.96,36.85,24.10000038,7.75,5.66
25.91159562,-80.13736379,50:12.6,2/4/22,1.34,0.96,37.05,24.10000038,7.75,5.66
25.91159138,-80.13736139,50:13.6,2/4/22,1.34,0.96,37.05,24.10000038,7.75,5.66
25.91158731,-80.13735919,50:14.6,2/4/22,1.35,0.93,38.23,24.10000038,7.75,5.62
25.91158356,-80.13735701,50:15.6,2/4/22,1.44,0.94,37.37,24.10000038,7.74,5.67
25.91158003,-80.13735435,50:16.7,2/4/22,1.53,0.95,37.88,24.10000038,7.75,5.65
25.91157596,-80.13735068,50:17.7,2/4/22,1.62,0.94,36.7,24.10000038,7.75,5.69
25.91157288,-80.13734639,50:18.7,2/4/22,1.66,0.92,38.62,24.10000038,7.75,5.63
25.91157047,-80.13734297,50:19.7,2/4/22,1.75,0.92,38.62,24.10000038,7.75,5.63
25.91156734,-80.1373381,50:20.7,2/4/22,1.84,0.94,36.88,24.10000038,7.75,5.69
25.91156502,-80.13733312,50:21.7,2/4/22,1.94,0.92,37.31,24.10000038,7.75,5.68
25.91156291,-80.13732882,50:22.7,2/4/22,2.05,0.92,37.11,24.10000038,7.75,5.68
25.91156079,-80.13732475,50:23.7,2/4/22,2.18,0.92,37.11,24.10000038,7.75,5.68
25.91155904,-80.13732062,50:24.7,2/4/22,2.29,0.92,37.61,24.10000038,7.75,5.67
25.91155724,-80.13731628,50:25.7,2/4/22,2.46,0.92,38.16,24.10000038,7.75,5.65
25.91155563,-80.13731183,50:26.7,2/4/22,2.61,0.92,38.16,24.10000038,7.75,5.65
25.91155478,-80.13730729,50:27.7,2/4/22,2.71,0.91,36.97,24.10000038,7.75,5.7
25.91155379,-80.13730285,50:28.7,2/4/22,2.79,0.91,37.18,24.10000038,7.75,5.7
25.91155271,-80.13729889,50:29.7,2/4/22,2.85,0.93,37.35,24.10000038,7.75,5.69
25.91155172,-80.13729423,50:30.7,2/4/22,2.89,0.95,37.35,24.10000038,7.75,5.69
25.91155072,-80.1372888,50:31.7,2/4/22,2.94,0.94,37.52,24.10000038,7.76,5.69
25.91154972,-80.13728365,50:32.7,2/4/22,2.99,0.95,36.43,24.10000038,7.75,5.73
25.91154895,-80.13727949,50:33.7,2/4/22,3.03,0.95,36.78,24.10000038,7.75,5.72
25.91154857,-80.13727443,50:34.7,2/4/22,3.05,0.94,36.78,24.10000038,7.75,5.72
25.91154798,-80.13726991,50:35.7,2/4/22,3.1,0.95,38.57,24.10000038,7.75,5.66
25.91154734,-80.1372653,50:36.7,2/4/22,3.13,0.95,37.4,24.10000038,7.75,5.7
25.91154647,-80.13726042,50:37.7,2/4/22,3.13,0.98,37.4,24.10000038,7.75,5.7
25.9115455,-80.13725507,50:38.7,2/4/22,3.21,0.97,37.61,24.10000038,7.75,5.7
25.91154428,-80.13725047,50:39.7,2/4/22,3.25,1.03,38.52,24.10000038,7.75,5.66
25.91154325,-80.13724562,50:40.7,2/4/22,3.28,1.03,38.52,24.10000038,7.75,5.66
25.91154227,-80.13724097,50:41.7,2/4/22,3.33,0.99,36.81,24.10000038,7.73,5.73
25.91154168,-80.1372359,50:42.8,2/4/22,3.27,0.98,37.14,24.10000038,7.75,5.71
25.91154125,-80.13723112,50:43.8,2/4/22,3.41,0.97,37.14,24.10000038,7.75,5.71
25.91153994,-80.13722669,50:44.8,2/4/22,3.43,0.95,36.88,24.10000038,7.75,5.72
25.91153856,-80.13722206,50:45.8,2/4/22,3.46,0.94,36.43,24.10000038,7.75,5.74
25.91153879,-80.13721728,50:46.8,2/4/22,3.48,0.93,36.43,24.10000038,7.75,5.74
25.91153804,-80.1372121,50:47.8,2/4/22,3.51,0.93,38.5,24.10000038,7.75,5.67
25.91153639,-80.13720739,50:48.8,2/4/22,3.53,0.93,38.36,24.10000038,7.75,5.67
25.91153544,-80.13720266,50:49.8,2/4/22,3.57,0.92,38.36,24.10000038,7.75,5.67
25.91153569,-80.13719813,50:50.8,2/4/22,3.6,0.93,37.17,24.10000038,7.75,5.72
25.91153592,-80.13719283,50:51.8,2/4/22,3.62,0.94,36.58,24.10000038,7.74,5.73
25.91153597,-80.13718773,50:52.8,2/4/22,3.61,0.95,36.49,24.10000038,7.75,5.74
25.91153615,-80.13718325,50:53.8,2/4/22,3.62,0.93,36.49,24.10000038,7.75,5.74
25.91153617,-80.13717879,50:54.8,2/4/22,3.62,0.93,38.46,24.10000038,7.75,5.68
25.91153662,-80.13717368,50:55.8,2/4/22,3.66,0.94,37.91,24.10000038,7.75,5.71
25.91153726,-80.13716836,50:56.8,2/4/22,3.7,0.95,37.91,24.10000038,7.75,5.71
25.91153782,-80.13716351,50:57.8,2/4/22,3.72,0.94,37.27,24.10000038,7.75,5.73
25.91153866,-80.13715862,50:58.8,2/4/22,3.76,0.94,37.96,24.10000038,7.73,5.7
25.91154064,-80.13715349,50:59.8,2/4/22,3.78,0.93,37.96,24.10000038,7.73,5.7
25.91154204,-80.13714915,51:00.8,2/4/22,3.79,0.98,36.62,24.10000038,7.75,5.75
25.91154297,-80.13714367,51:01.8,2/4/22,3.78,0.97,37.08,24.10000038,7.75,5.73
25.91154403,-80.13713866,51:02.8,2/4/22,3.82,0.97,37.08,24.10000038,7.75,5.73
25.91154635,-80.13713408,51:03.8,2/4/22,3.87,0.96,36.8,24.10000038,7.75,5.74
25.91154734,-80.1371293,51:04.8,2/4/22,3.83,0.95,36.58,24.10000038,7.76,5.75
25.91154702,-80.13712508,51:05.8,2/4/22,3.91,0.96,36.58,24.10000038,7.76,5.75
25.91154786,-80.13711977,51:06.8,2/4/22,3.89,0.95,38.48,24.0,7.74,5.68
25.91154883,-80.1371143,51:07.8,2/4/22,3.93,0.96,37.24,24.0,7.75,5.72
25.91154967,-80.13710951,51:08.8,2/4/22,3.95,0.96,37.24,24.0,7.75,5.72
25.91155005,-80.13710471,51:09.8,2/4/22,3.96,0.95,37.49,24.0,7.75,5.71
25.91155019,-80.13709958,51:10.8,2/4/22,4.08,1.03,38.47,24.0,7.75,5.67
25.91155106,-80.13709444,51:11.8,2/4/22,4.02,1.0,38.47,24.0,7.75,5.67
25.91155144,-80.1370897,51:12.8,2/4/22,3.98,0.95,36.97,24.0,7.75,5.72
25.91155137,-80.13708424,51:13.8,2/4/22,4.0,0.98,37.38,24.0,7.73,5.7
25.91155213,-80.1370788,51:14.8,2/4/22,4.0,0.97,37.38,24.0,7.73,5.7
25.91155316,-80.13707403,51:15.8,2/4/22,4.06,0.95,36.42,24.0,7.75,5.74
25.91155526,-80.13706913,51:16.8,2/4/22,4.04,0.95,36.9,24.0,7.75,5.72
25.91155711,-80.13706414,51:17.8,2/4/22,4.09,0.95,36.9,24.0,7.75,5.72
25.91155905,-80.13705893,51:18.8,2/4/22,4.12,0.95,37.58,24.0,7.75,5.7
25.91156104,-80.13705385,51:19.8,2/4/22,4.1,0.95,37.39,24.0,7.75,5.7
25.91156229,-80.13704871,51:20.8,2/4/22,4.11,0.95,38.45,24.0,7.73,5.67
25.91156424,-80.13704422,51:21.8,2/4/22,3.99,0.93,38.45,24.0,7.73,5.67
25.91156638,-80.13703961,51:22.8,2/4/22,4.05,0.94,36.84,24.0,7.74,5.72
25.91156854,-80.13703484,51:23.8,2/4/22,4.07,0.92,37.43,24.0,7.75,5.7
25.9115712,-80.13702997,51:24.8,2/4/22,4.1,0.94,37.43,24.0,7.75,5.7
25.91157372,-80.13702544,51:25.8,2/4/22,4.08,0.98,36.41,24.0,7.74,5.74
25.91157605,-80.13702047,51:26.8,2/4/22,4.08,0.98,38.52,24.0,7.74,5.67
25.91157829,-80.13701565,51:27.9,2/4/22,4.11,0.98,37.87,24.0,7.75,5.68
25.91158097,-80.13701093,51:28.9,2/4/22,4.17,0.98,37.87,24.0,7.75,5.68
25.91158433,-80.13700704,51:29.9,2/4/22,4.19,0.98,37.26,24.0,7.74,5.7
25.91158779,-80.13700295,51:30.9,2/4/22,4.17,0.99,38.18,24.0,7.74,5.67
25.91159133,-80.136999,51:31.9,2/4/22,4.12,0.98,38.18,24.0,7.74,5.67
25.91159406,-80.13699496,51:32.9,2/4/22,4.1,0.98,36.74,24.0,7.75,5.71
25.91159672,-80.13699133,51:33.9,2/4/22,4.13,0.96,37.21,24.0,7.75,5.68
25.91160027,-80.13698728,51:34.9,2/4/22,4.11,0.97,37.21,24.0,7.75,5.68
25.91160501,-80.13698318,51:36.0,2/4/22,4.1,0.96,36.56,24.0,7.74,5.7
25.91160831,-80.13697942,51:37.0,2/4/22,4.13,0.96,36.67,24.0,7.74,5.7
25.911611,-80.13697583,51:38.0,2/4/22,4.15,1.0,36.67,24.0,7.74,5.7
25.91161433,-80.1369725,51:39.0,2/4/22,4.17,1.02,38.37,24.0,7.74,5.64
25.91161717,-80.13696833,51:40.0,2/4/22,4.15,0.99,38.35,24.0,7.75,5.66
25.91162051,-80.13696376,51:41.0,2/4/22,4.13,0.97,37.17,24.0,7.74,5.7
25.9116235,-80.13696033,51:42.0,2/4/22,4.12,0.99,37.17,24.0,7.74,5.7
25.91162717,-80.1369565,51:43.0,2/4/22,4.11,0.99,37.01,24.0,7.75,5.71
25.91163161,-80.13695294,51:43.0,2/4/22,4.08,0.98,37.65,24.0,7.74,5.69
25.91163524,-80.13695035,51:45.0,2/4/22,4.04,0.98,38.01,24.0,7.74,5.7
25.91163897,-80.13694748,51:46.0,2/4/22,4.03,0.98,38.01,24.0,7.74,5.7
25.91164315,-80.13694481,51:47.0,2/4/22,4.03,1.01,36.52,24.0,7.74,5.75
25.91164739,-80.13694193,51:48.1,2/4/22,4.0,1.01,36.86,24.0,7.74,5.76
25.911651,-80.13693932,51:49.1,2/4/22,3.99,1.02,37.74,24.0,7.74,5.73
25.91165517,-80.136937,51:50.1,2/4/22,3.97,1.01,37.24,24.0,7.74,5.76
25.91165928,-80.13693505,51:51.1,2/4/22,3.97,1.02,36.11,24.0,7.74,5.79
25.91166379,-80.13693305,51:52.1,2/4/22,3.95,1.02,38.11,24.0,7.74,5.72
25.91166838,-80.1369302,51:53.1,2/4/22,3.91,1.03,36.87,24.0,7.74,5.79
25.91167185,-80.13692784,51:54.1,2/4/22,3.92,1.03,37.08,24.0,7.75,5.77
25.91167613,-80.13692573,51:55.1,2/4/22,3.9,1.04,37.75,24.0,7.74,5.75
25.91168066,-80.13692344,51:56.1,2/4/22,3.89,1.02,36.5,24.0,7.74,5.79
25.91168523,-80.1369214,51:57.1,2/4/22,3.84,1.03,38.13,24.0,7.74,5.72
25.91168935,-80.13691969,51:58.1,2/4/22,3.81,1.02,37.13,24.0,7.75,5.75
25.91169395,-80.13691822,51:59.2,2/4/22,3.78,1.02,36.17,24.0,7.74,5.77
25.91169892,-80.13691617,52:00.2,2/4/22,3.76,1.01,38.45,24.0,7.74,5.68
25.9117036,-80.13691486,52:01.2,2/4/22,3.75,1.02,36.73,24.0,7.74,5.73
25.91170765,-80.13691359,52:02.2,2/4/22,3.73,1.04,36.44,24.0,7.74,5.72
25.91171213,-80.1369119,52:03.2,2/4/22,3.73,1.03,37.82,24.0,7.74,5.68
25.91171682,-80.13690983,52:04.2,2/4/22,3.7,1.01,36.61,24.0,7.74,5.71
25.91172084,-80.13690736,52:05.2,2/4/22,3.68,1.02,37.43,24.0,7.75,5.67
25.91172513,-80.13690629,52:06.2,2/4/22,3.67,1.01,37.33,24.0,7.74,5.67
25.91172879,-80.13690482,52:07.2,2/4/22,3.65,1.0,36.48,24.0,7.74,5.69
25.91173313,-80.13690377,52:08.2,2/4/22,3.62,0.99,38.22,24.0,7.74,5.62
25.91173764,-80.13690335,52:09.2,2/4/22,3.6,0.97,37.0,24.0,7.76,5.67
25.91174196,-80.1369033,52:10.2,2/4/22,3.58,0.96,36.15,24.0,7.74,5.68
25.91174629,-80.13690339,52:11.2,2/4/22,3.58,0.97,38.5,24.0,7.74,5.59
25.91175066,-80.13690396,52:12.2,2/4/22,3.56,0.95,36.93,24.0,7.74,5.63
25.9117556,-80.13690523,52:13.2,2/4/22,3.54,0.95,36.2,24.0,7.74,5.65
25.91176112,-80.13690598,52:14.2,2/4/22,3.54,0.95,38.19,24.0,7.74,5.6
25.9117663,-80.13690703,52:15.2,2/4/22,3.52,0.96,36.75,24.0,7.74,5.63
25.91177159,-80.13690916,52:16.2,2/4/22,3.5,0.95,36.57,24.0,7.74,5.63
25.91177591,-80.1369107,52:17.2,2/4/22,3.5,0.95,37.82,24.0,7.74,5.58
25.91177992,-80.13691199,52:18.2,2/4/22,3.5,0.97,36.6,24.0,7.74,5.61
25.91178426,-80.13691385,52:19.2,2/4/22,3.49,0.98,36.73,24.0,7.74,5.59
25.91178844,-80.13691593,52:20.2,2/4/22,3.47,0.98,37.65,24.0,7.75,5.55
25.91179207,-80.1369175,52:21.2,2/4/22,3.47,0.96,36.66,24.0,7.74,5.58
25.91179683,-80.13691919,52:22.2,2/4/22,3.47,0.99,36.93,24.0,7.74,5.56
25.9118006,-80.13692083,52:23.2,2/4/22,3.46,0.99,37.54,24.0,7.74,5.53
25.91180501,-80.1369226,52:24.2,2/4/22,3.45,1.02,36.52,23.89999962,7.74,5.56
25.91180957,-80.13692472,52:25.2,2/4/22,3.47,1.04,37.31,23.89999962,7.74,5.51
25.91181418,-80.13692637,52:26.2,2/4/22,3.44,1.0,37.57,23.89999962,7.74,5.49
25.91181849,-80.13692817,52:27.2,2/4/22,3.43,1.02,36.51,23.89999962,7.74,5.52
25.91182295,-80.13693003,52:28.2,2/4/22,3.43,1.01,37.26,23.89999962,7.74,5.49
25.91182662,-80.13693187,52:29.2,2/4/22,3.41,1.01,37.49,23.89999962,7.74,5.48
25.91183071,-80.13693368,52:30.2,2/4/22,3.43,1.0,36.49,23.89999962,7.74,5.5
25.91183514,-80.13693585,52:31.2,2/4/22,3.43,1.02,37.39,23.89999962,7.74,5.47
25.91183967,-80.13693793,52:32.3,2/4/22,3.4,1.01,37.55,23.89999962,7.74,5.46
25.91184364,-80.13693971,52:33.3,2/4/22,3.4,1.01,36.49,23.89999962,7.74,5.48
25.91184773,-80.13694174,52:34.3,2/4/22,3.4,0.97,36.99,23.89999962,7.74,5.46
25.91185147,-80.13694367,52:35.3,2/4/22,3.39,0.95,37.61,23.89999962,7.74,5.43
25.91185518,-80.13694671,52:36.3,2/4/22,3.39,0.93,36.46,23.89999962,7.74,5.46
25.9118582,-80.1369498,52:37.3,2/4/22,3.41,0.94,37.03,23.89999962,7.74,5.44
25.91186151,-80.13695313,52:38.3,2/4/22,3.41,0.95,37.74,23.89999962,7.74,5.42
25.91186463,-80.13695716,52:39.3,2/4/22,3.43,0.95,36.53,23.89999962,7.74,5.45
25.91186722,-80.13696138,52:40.3,2/4/22,3.45,0.95,36.77,23.89999962,7.74,5.43
25.9118694,-80.13696588,52:41.3,2/4/22,3.47,0.95,37.73,23.89999962,7.74,5.4
25.91187154,-80.13697032,52:42.3,2/4/22,3.47,0.95,36.62,23.89999962,7.74,5.43
25.91187405,-80.13697496,52:43.3,2/4/22,3.5,0.94,36.13,23.89999962,7.74,5.44
25.91187581,-80.13697996,52:44.3,2/4/22,3.5,0.96,37.93,23.89999962,7.74,5.38
25.91187734,-80.13698444,52:45.3,2/4/22,3.48,0.96,36.8,23.89999962,7.75,5.41
25.91187912,-80.1369895,52:46.3,2/4/22,3.52,0.97,36.11,23.89999962,7.74,5.43
25.91188063,-80.13699434,52:47.3,2/4/22,3.55,0.98,36.77,23.89999962,7.74,5.39
25.91188245,-80.1369992,52:48.3,2/4/22,3.58,1.0,36.77,23.89999962,7.74,5.39
25.91188491,-80.13700452,52:49.3,2/4/22,3.59,1.0,36.18,23.89999962,7.74,5.41
25.91188731,-80.13700965,52:50.3,2/4/22,3.61,1.0,37.02,23.89999962,7.74,5.37
25.91188947,-80.13701473,52:51.3,2/4/22,3.64,0.99,36.33,23.89999962,7.74,5.38
25.91189137,-80.13701968,52:52.3,2/4/22,3.63,0.99,36.33,23.89999962,7.74,5.38
25.9118932,-80.13702473,52:53.3,2/4/22,3.63,0.99,37.89,23.89999962,7.74,5.32
25.91189455,-80.13703056,52:54.3,2/4/22,3.65,0.99,36.29,23.89999962,7.74,5.37
25.91189592,-80.13703618,52:55.3,2/4/22,3.65,0.97,36.29,23.89999962,7.74,5.37
25.9118972,-80.13704176,52:56.3,2/4/22,3.66,0.99,37.71,23.89999962,7.75,5.32
25.91189848,-80.13704794,52:57.3,2/4/22,3.67,1.01,36.41,23.89999962,7.74,5.37
25.91189975,-80.13705265,52:58.3,2/4/22,3.7,1.02,37.4,23.89999962,7.74,5.32
25.9119012,-80.13705703,52:59.3,2/4/22,3.72,1.01,37.4,23.89999962,7.74,5.32
25.91190258,-80.13706221,53:00.4,2/4/22,3.72,1.02,37.59,23.89999962,7.74,5.32
25.91190318,-80.13706726,53:01.4,2/4/22,3.74,1.03,36.85,23.89999962,7.74,5.34
25.91190403,-80.13707212,53:02.4,2/4/22,3.77,1.03,36.85,23.89999962,7.74,5.34
25.91190418,-80.13707763,53:03.4,2/4/22,3.79,1.04,37.81,23.89999962,7.74,5.31
25.9119045,-80.1370828,53:04.4,2/4/22,3.81,1.04,36.31,23.89999962,7.73,5.36
25.91190566,-80.1370889,53:05.4,2/4/22,3.82,1.04,36.31,23.89999962,7.73,5.36
25.91190633,-80.13709407,53:06.4,2/4/22,3.84,1.04,38.13,23.89999962,7.74,5.31
25.91190699,-80.13709981,53:07.6,2/4/22,3.86,1.04,36.18,23.89999962,7.74,5.36
25.91190733,-80.137105,53:08.6,2/4/22,3.84,1.05,38.05,23.89999962,7.74,5.3
25.91190748,-80.1371101,53:09.6,2/4/22,3.87,1.05,38.05,23.89999962,7.74,5.3
25.9119079,-80.13711575,53:10.6,2/4/22,3.87,1.07,36.85,23.89999962,7.74,5.34
25.91190893,-80.13712106,53:11.6,2/4/22,3.87,1.07,38.35,23.89999962,7.74,5.3
25.9119097,-80.1371267,53:12.7,2/4/22,3.93,1.05,38.35,23.89999962,7.74,5.3
25.91191011,-80.13713207,53:13.7,2/4/22,3.93,1.04,36.89,23.89999962,7.74,5.35
25.91191087,-80.13713792,53:14.7,2/4/22,3.93,1.05,38.34,23.89999962,7.74,5.31
25.9119119,-80.13714388,53:15.7,2/4/22,3.96,1.07,36.98,23.89999962,7.74,5.34
25.91191283,-80.13714936,53:16.7,2/4/22,3.97,1.06,36.98,23.89999962,7.74,5.34
25.91191421,-80.13715416,53:17.7,2/4/22,3.96,1.06,36.22,23.89999962,7.74,5.37
25.91191536,-80.13715995,53:18.7,2/4/22,3.94,1.06,37.07,23.89999962,7.74,5.32
25.91191592,-80.13716516,53:19.8,2/4/22,3.94,1.03,37.07,23.89999962,7.74,5.32
25.91191636,-80.13717018,53:20.8,2/4/22,3.96,1.06,36.28,23.89999962,7.74,5.35
25.91191674,-80.13717562,53:21.8,2/4/22,3.97,1.07,37.24,23.89999962,7.74,5.32
25.91191669,-80.13718047,53:22.8,2/4/22,3.94,1.06,37.24,23.89999962,7.74,5.32
25.9119165,-80.1371857,53:23.8,2/4/22,3.92,1.07,36.43,23.89999962,7.74,5.36
25.91191667,-80.13719214,53:24.8,2/4/22,3.94,1.07,37.76,23.89999962,7.74,5.32
25.9119169,-80.13719884,53:25.8,2/4/22,3.96,1.07,36.33,23.89999962,7.74,5.36
25.91191653,-80.13720458,53:26.8,2/4/22,3.97,1.08,36.33,23.89999962,7.74,5.36
25.91191554,-80.13721026,53:27.9,2/4/22,3.96,1.07,37.71,23.89999962,7.74,5.32
25.91191387,-80.13721611,53:28.9,2/4/22,3.89,1.07,36.27,23.89999962,7.74,5.37
25.91191268,-80.13722148,53:29.9,2/4/22,3.91,1.06,36.27,23.89999962,7.74,5.37
25.9119131,-80.13722669,53:30.9,2/4/22,3.88,1.08,37.23,23.89999962,7.74,5.34
25.91191377,-80.13723204,53:31.9,2/4/22,3.9,1.05,36.28,23.89999962,7.74,5.38
25.91191227,-80.13723817,53:32.9,2/4/22,3.9,1.07,36.97,23.89999962,7.74,5.36
25.91191292,-80.13724375,53:33.9,2/4/22,3.82,1.05,36.97,23.89999962,7.74,5.36
25.91191392,-80.13724858,53:34.9,2/4/22,3.8,1.05,37.34,23.89999962,7.74,5.34
25.91191433,-80.13725367,53:35.9,2/4/22,3.8,1.06,37.18,23.89999962,7.74,5.36
25.91191462,-80.13725984,53:37.0,2/4/22,3.79,1.06,37.53,23.89999962,7.74,5.36
25.9119155,-80.13726433,53:38.0,2/4/22,3.77,1.03,36.33,23.89999962,7.74,5.4
25.91191633,-80.13726967,53:39.0,2/4/22,3.77,1.03,36.33,23.89999962,7.74,5.4
25.91191683,-80.1372755,53:40.0,2/4/22,3.7,1.09,37.22,23.89999962,7.74,5.38
25.91191733,-80.13728133,53:41.0,2/4/22,3.7,1.06,36.41,23.89999962,7.74,5.43
25.91191767,-80.1372865,53:42.0,2/4/22,3.65,1.07,36.41,23.89999962,7.74,5.43
25.9119185,-80.13729183,53:43.0,2/4/22,3.65,1.07,36.81,23.89999962,7.74,5.42
25.91191981,-80.1372975,53:44.0,2/4/22,3.65,1.06,36.36,23.89999962,7.73,5.44
25.9119208,-80.13730275,53:44.0,2/4/22,3.64,1.07,36.36,23.89999962,7.73,5.44
25.91192183,-80.13730717,53:45.0,2/4/22,3.58,1.07,37.21,23.89999962,7.74,5.41
25.91192345,-80.13731287,53:46.0,2/4/22,3.56,1.11,36.46,23.89999962,7.74,5.45
25.91192464,-80.13731784,53:47.0,2/4/22,3.54,1.08,36.46,23.89999962,7.74,5.45
25.91192564,-80.13732293,53:48.0,2/4/22,3.53,1.08,37.28,23.89999962,7.74,5.42
25.91192699,-80.13732816,53:50.0,2/4/22,3.48,1.07,36.37,23.89999962,7.74,5.46
25.91192801,-80.13733317,53:51.0,2/4/22,3.47,1.08,36.37,23.89999962,7.74,5.46
25.911929,-80.13733808,53:52.0,2/4/22,3.47,1.08,37.47,23.89999962,7.74,5.44
25.91193,-80.1373434,53:53.0,2/4/22,3.44,1.07,36.45,23.89999962,7.74,5.47
25.91193103,-80.13734849,53:54.0,2/4/22,3.41,1.07,37.17,23.89999962,7.74,5.45
25.91193205,-80.13735448,53:55.1,2/4/22,3.39,1.07,37.38,23.89999962,7.73,5.45
25.91193333,-80.13735857,53:56.1,2/4/22,3.36,1.05,36.27,23.89999962,7.74,5.49
25.91193421,-80.13736296,53:57.1,2/4/22,3.32,1.04,37.54,23.89999962,7.75,5.44
25.91193523,-80.13736741,53:58.1,2/4/22,3.27,0.98,37.22,23.89999962,7.74,5.47
25.91193658,-80.13737231,53:59.1,2/4/22,3.25,0.97,36.22,23.89999962,7.74,5.51
25.91193902,-80.13737723,54:00.1,2/4/22,3.25,0.95,37.68,23.89999962,7.74,5.46
25.91194117,-80.13738097,54:01.1,2/4/22,3.21,0.93,37.15,23.89999962,7.74,5.48
25.9119439,-80.13738539,54:02.1,2/4/22,3.23,0.94,36.37,23.89999962,7.74,5.51
25.91194668,-80.13738892,54:03.1,2/4/22,3.22,0.95,37.61,23.89999962,7.74,5.47
25.91194967,-80.13739315,54:04.1,2/4/22,3.17,0.96,37.15,23.89999962,7.74,5.5
25.9119527,-80.1373968,54:05.1,2/4/22,3.14,0.97,36.14,23.89999962,7.74,5.54
25.91195578,-80.13740021,54:06.1,2/4/22,3.13,1.0,37.59,23.89999962,7.74,5.49
25.91195879,-80.13740403,54:07.1,2/4/22,3.13,1.0,37.06,23.89999962,7.74,5.51
25.91196181,-80.13740756,54:08.1,2/4/22,3.11,1.02,36.17,23.89999962,7.74,5.55
25.91196498,-80.13741138,54:09.1,2/4/22,3.09,1.02,37.72,23.89999962,7.74,5.5
25.9119687,-80.13741482,54:10.1,2/4/22,3.07,1.03,37.06,23.89999962,7.74,5.52
25.91197213,-80.13741838,54:11.1,2/4/22,3.08,1.06,36.08,23.89999962,7.75,5.55
25.91197603,-80.13742225,54:12.1,2/4/22,3.06,1.06,37.61,23.89999962,7.74,5.5
25.91197998,-80.13742585,54:13.1,2/4/22,3.03,1.07,37.16,23.79999924,7.74,5.51
25.91198312,-80.13742897,54:14.1,2/4/22,3.02,1.05,36.19,23.89999962,7.74,5.56
25.9119874,-80.1374327,54:15.1,2/4/22,3.0,1.07,37.71,23.89999962,7.75,5.51
25.91199174,-80.13743587,54:16.1,2/4/22,3.0,1.07,37.14,23.89999962,7.74,5.53
25.91199562,-80.13743893,54:17.1,2/4/22,3.0,1.07,36.17,23.89999962,7.74,5.57
25.91199848,-80.1374421,54:18.1,2/4/22,2.96,1.07,37.51,23.89999962,7.74,5.51
25.91200173,-80.13744492,54:19.1,2/4/22,2.97,1.04,37.23,23.89999962,7.75,5.53
25.91200512,-80.13744722,54:20.1,2/4/22,2.95,0.99,36.32,23.89999962,7.74,5.56
25.91200881,-80.13744979,54:21.1,2/4/22,2.96,0.97,37.25,23.89999962,7.74,5.53
25.91201343,-80.13745117,54:22.1,2/4/22,2.98,0.95,37.24,23.89999962,7.74,5.54
25.91201708,-80.13745222,54:23.1,2/4/22,2.98,0.93,36.22,23.89999962,7.74,5.57
25.9120203,-80.13745316,54:24.1,2/4/22,2.98,0.93,37.05,23.89999962,7.74,5.54
25.91202414,-80.1374538,54:25.1,2/4/22,3.0,0.93,37.4,23.89999962,7.74,5.52
25.91202908,-80.1374542,54:26.1,2/4/22,3.0,0.93,36.37,23.89999962,7.74,5.55
25.91203333,-80.13745462,54:27.1,2/4/22,3.01,0.96,36.41,23.89999962,7.74,5.54
25.91203761,-80.13745512,54:28.1,2/4/22,3.0,0.94,37.7,23.89999962,7.74,5.5
25.9120429,-80.13745504,54:29.2,2/4/22,3.02,0.94,36.52,23.89999962,7.74,5.54
25.91204792,-80.13745502,54:30.2,2/4/22,3.08,0.96,36.12,23.89999962,7.74,5.55
25.91205245,-80.13745436,54:31.2,2/4/22,3.08,0.98,37.89,23.89999962,7.74,5.48
25.91205711,-80.13745365,54:32.2,2/4/22,3.1,0.99,36.58,23.79999924,7.74,5.53
25.91206246,-80.13745223,54:33.2,2/4/22,3.1,0.98,36.01,23.89999962,7.74,5.55
25.91206646,-80.1374507,54:34.2,2/4/22,3.11,0.99,37.94,23.89999962,7.74,5.48
25.9120704,-80.13744905,54:35.2,2/4/22,3.15,0.99,36.81,23.79999924,7.74,5.52
25.91207409,-80.1374477,54:36.2,2/4/22,3.17,1.01,36.1,23.79999924,7.74,5.53
25.91207841,-80.13744646,54:37.2,2/4/22,3.19,1.02,37.62,23.89999962,7.74,5.47
25.91208309,-80.13744497,54:38.2,2/4/22,3.22,1.02,37.19,23.89999962,7.74,5.48
25.91208676,-80.13744295,54:39.2,2/4/22,3.22,1.03,36.3,23.79999924,7.74,5.52
25.9120908,-80.13744116,54:40.2,2/4/22,3.26,1.03,36.33,23.79999924,7.74,5.51
25.9120949,-80.13743989,54:41.2,2/4/22,3.29,1.02,37.72,23.79999924,7.74,5.46
25.91209948,-80.13743864,54:42.2,2/4/22,3.29,1.0,36.49,23.79999924,7.74,5.5
25.91210421,-80.13743705,54:43.2,2/4/22,3.34,1.01,35.81,23.79999924,7.74,5.52
25.91210802,-80.13743518,54:44.3,2/4/22,3.37,1.01,37.96,23.79999924,7.74,5.45
25.91211179,-80.13743363,54:45.3,2/4/22,3.37,1.0,36.72,23.79999924,7.74,5.49
25.91211527,-80.13743128,54:46.3,2/4/22,3.41,0.98,36.03,23.79999924,7.75,5.51
25.91211928,-80.13742842,54:47.3,2/4/22,3.43,1.0,37.76,23.79999924,7.74,5.44
25.91212321,-80.13742639,54:48.3,2/4/22,3.44,0.98,37.15,23.79999924,7.74,5.46
25.91212653,-80.13742384,54:49.3,2/4/22,3.47,0.98,36.1,23.79999924,7.74,5.5
25.91213034,-80.13742109,54:50.3,2/4/22,3.49,0.99,36.52,23.79999924,7.74,5.47
25.91213421,-80.13741848,54:51.3,2/4/22,3.55,1.01,37.77,23.79999924,7.74,5.43
25.91213835,-80.13741512,54:52.3,2/4/22,3.55,1.01,36.53,23.79999924,7.74,5.46
25.91214209,-80.13741191,54:53.3,2/4/22,3.56,1.01,35.63,23.79999924,7.74,5.49
25.91214567,-80.13740858,54:54.3,2/4/22,3.56,1.01,37.98,23.79999924,7.74,5.41
25.91214955,-80.13740542,54:55.3,2/4/22,3.6,1.02,36.1,23.79999924,7.74,5.46
25.91215404,-80.13740246,54:56.3,2/4/22,3.6,1.02,36.1,23.79999924,7.74,5.46
25.91215821,-80.1373992,54:57.3,2/4/22,3.63,1.04,37.07,23.79999924,7.75,5.42
25.91216184,-80.13739602,54:58.3,2/4/22,3.64,1.03,36.35,23.79999924,7.74,5.43
25.91216609,-80.13739285,54:59.3,2/4/22,3.65,1.04,36.35,23.79999924,7.74,5.43
25.91216985,-80.13738982,55:00.3,2/4/22,3.69,1.04,35.94,23.79999924,7.74,5.45
25.91217421,-80.13738619,55:01.3,2/4/22,3.7,1.02,36.83,23.79999924,7.74,5.4
25.91217837,-80.13738348,55:02.3,2/4/22,3.7,1.03,36.83,23.79999924,7.74,5.4
25.91218216,-80.13737991,55:03.3,2/4/22,3.7,1.02,36.02,23.79999924,7.74,5.43
25.9121856,-80.13737625,55:04.3,2/4/22,3.72,1.02,37.43,23.79999924,7.74,5.38
25.91218923,-80.1373731,55:05.3,2/4/22,3.74,1.02,36.46,23.79999924,7.74,5.41
25.91219297,-80.13736998,55:06.3,2/4/22,3.73,1.02,36.46,23.79999924,7.74,5.41
25.91219664,-80.137366,55:07.3,2/4/22,3.75,1.05,35.75,23.79999924,7.74,5.44
25.9121997,-80.13736319,55:08.3,2/4/22,3.73,1.04,38.16,23.79999924,7.74,5.35
25.91220389,-80.13735955,55:09.3,2/4/22,3.75,1.02,36.19,23.79999924,7.74,5.41
25.91220758,-80.13735684,55:10.3,2/4/22,3.77,1.02,36.19,23.79999924,7.74,5.41
25.9122115,-80.13735372,55:11.4,2/4/22,3.7,1.01,36.18,23.79999924,7.74,5.39
25.91221556,-80.13735062,55:12.4,2/4/22,3.68,1.01,36.6,23.79999924,7.74,5.38
25.91222021,-80.13734758,55:13.4,2/4/22,3.66,1.02,35.67,23.79999924,7.74,5.4
25.91222408,-80.13734425,55:14.4,2/4/22,3.66,1.03,35.67,23.79999924,7.74,5.4
25.9122286,-80.13734028,55:15.4,2/4/22,3.65,1.03,36.95,23.79999924,7.74,5.35
25.91223261,-80.13733715,55:16.4,2/4/22,3.63,1.02,37.39,23.79999924,7.74,5.33
25.9122362,-80.13733463,55:17.4,2/4/22,3.6,1.04,35.58,23.79999924,7.74,5.37
25.91224041,-80.13733134,55:18.5,2/4/22,3.56,1.03,35.58,23.79999924,7.74,5.37
25.91224398,-80.13732879,55:19.5,2/4/22,3.55,1.03,37.5,23.79999924,7.74,5.3
25.91224801,-80.13732606,55:20.5,2/4/22,3.55,1.03,37.5,23.79999924,7.74,5.29
25.91225168,-80.13732377,55:21.5,2/4/22,3.54,1.02,35.77,23.79999924,7.74,5.33
25.91225557,-80.13732167,55:22.5,2/4/22,3.52,1.03,35.77,23.79999924,7.74,5.33
25.91225983,-80.13731902,55:23.5,2/4/22,3.49,1.04,37.84,23.79999924,7.74,5.25
25.91226418,-80.13731605,55:24.5,2/4/22,3.47,1.03,36.4,23.79999924,7.74,5.29
25.91226846,-80.1373135,55:25.5,2/4/22,3.41,1.02,36.4,23.79999924,7.74,5.29
25.91227231,-80.13731086,55:26.5,2/4/22,3.4,1.03,35.75,23.79999924,7.74,5.3
25.91227648,-80.13730851,55:27.5,2/4/22,3.36,1.03,37.76,23.79999924,7.74,5.23
25.9122807,-80.13730573,55:28.5,2/4/22,3.35,1.04,36.25,23.79999924,7.75,5.27
25.91228519,-80.13730313,55:29.5,2/4/22,3.32,1.04,36.25,23.79999924,7.75,5.27
25.91229014,-80.13730097,55:30.5,2/4/22,3.28,1.05,35.68,23.70000076,7.74,5.28
25.91229445,-80.137299,55:31.5,2/4/22,3.25,1.04,36.86,23.79999924,7.74,5.23
25.91229881,-80.13729689,55:32.5,2/4/22,3.23,1.04,36.86,23.79999924,7.74,5.23
25.91230348,-80.13729451,55:33.5,2/4/22,3.23,1.05,36.2,23.79999924,7.74,5.25
25.91230821,-80.13729247,55:34.5,2/4/22,3.19,1.05,36.12,23.79999924,7.74,5.24
25.91231263,-80.13729045,55:35.5,2/4/22,3.13,1.05,37.92,23.70000076,7.74,5.18
25.91231745,-80.13728791,55:36.5,2/4/22,3.12,1.05,35.93,23.79999924,7.74,5.23
25.91232116,-80.13728674,55:37.5,2/4/22,3.1,1.05,35.93,23.79999924,7.74,5.23
25.91232551,-80.13728546,55:38.6,2/4/22,3.05,1.04,37.42,23.79999924,7.74,5.19
25.91232983,-80.13728353,55:39.6,2/4/22,3.04,1.01,37.42,23.79999924,7.74,5.19
25.9123351,-80.13728262,55:40.6,2/4/22,3.0,1.0,36.42,23.70000076,7.74,5.22
25.91233905,-80.1372822,55:41.6,2/4/22,2.98,0.98,37.79,23.79999924,7.74,5.18
25.91234442,-80.13728225,55:42.6,2/4/22,2.99,1.01,37.79,23.79999924,7.74,5.18
25.91234915,-80.13728234,55:43.6,2/4/22,2.9,0.99,36.69,23.79999924,7.74,5.21
25.91235419,-80.13728257,55:44.6,2/4/22,2.9,1.02,36.02,23.79999924,7.74,5.24
25.91235876,-80.13728432,55:45.7,2/4/22,2.82,1.01,36.78,23.79999924,7.74,5.21
25.91236397,-80.13728566,55:46.7,2/4/22,2.83,1.05,36.44,23.79999924,7.74,5.23
25.9123681,-80.13728729,55:47.7,2/4/22,2.81,1.04,36.44,23.79999924,7.74,5.23
25.912373,-80.13728897,55:48.7,2/4/22,2.77,1.05,35.93,23.79999924,7.74,5.25
25.91237819,-80.137291,55:49.7,2/4/22,2.77,1.05,37.02,23.70000076,7.74,5.21
25.91238299,-80.13729332,55:50.7,2/4/22,2.72,1.06,37.02,23.70000076,7.74,5.21
25.91238757,-80.13729562,55:51.7,2/4/22,2.68,1.05,36.09,23.79999924,7.74,5.25
25.91239197,-80.13729766,55:52.7,2/4/22,2.65,1.08,35.78,23.79999924,7.74,5.26
25.91239639,-80.13730004,55:53.7,2/4/22,2.58,1.05,36.64,23.79999924,7.74,5.23
25.91240089,-80.13730201,55:54.7,2/4/22,2.54,1.07,36.64,23.79999924,7.74,5.23
25.9124054,-80.13730414,55:55.7,2/4/22,2.5,1.07,35.99,23.79999924,7.74,5.25
25.91241025,-80.13730606,55:56.7,2/4/22,2.48,1.04,37.18,23.79999924,7.74,5.21
25.91241495,-80.13730902,55:57.7,2/4/22,2.49,1.02,37.18,23.79999924,7.74,5.21
25.91241868,-80.13731172,55:58.7,2/4/22,2.45,1.01,36.16,23.79999924,7.74,5.25
25.91242249,-80.1373148,55:59.7,2/4/22,2.52,1.02,37.93,23.79999924,7.74,5.19
25.91242622,-80.13731847,56:00.7,2/4/22,2.54,1.02,37.93,23.79999924,7.74,5.19
25.91242957,-80.13732243,56:01.7,2/4/22,2.63,1.02,36.52,23.79999924,7.74,5.24
25.9124327,-80.13732631,56:02.7,2/4/22,2.66,1.03,37.91,23.79999924,7.74,5.19
25.91243527,-80.13733034,56:03.7,2/4/22,2.7,1.03,37.91,23.79999924,7.74,5.19
25.91243947,-80.13733456,56:04.7,2/4/22,2.75,1.05,37.03,23.79999924,7.74,5.23
25.9124426,-80.13733898,56:05.7,2/4/22,2.79,1.05,36.36,23.79999924,7.74,5.27
25.91244565,-80.13734331,56:06.7,2/4/22,2.8,1.03,36.36,23.79999924,7.74,5.27
25.91244882,-80.13734856,56:07.7,2/4/22,2.84,1.06,37.55,23.79999924,7.74,5.23
25.91245167,-80.13735326,56:08.7,2/4/22,2.85,1.07,36.47,23.79999924,7.74,5.27
25.91245423,-80.13735772,56:09.7,2/4/22,2.86,1.08,37.8,23.79999924,7.74,5.23
25.91245715,-80.13736191,56:10.7,2/4/22,2.87,1.07,37.8,23.79999924,7.74,5.23
25.91245934,-80.13736688,56:11.7,2/4/22,2.91,1.07,36.67,23.79999924,7.74,5.26
25.91246186,-80.13737135,56:12.7,2/4/22,2.91,1.08,37.41,23.79999924,7.74,5.26
25.91246473,-80.13737594,56:13.7,2/4/22,2.91,1.09,37.41,23.79999924,7.74,5.26
25.91246741,-80.13738104,56:14.7,2/4/22,2.91,1.08,37.1,23.79999924,7.74,5.27
25.91247,-80.13738541,56:15.7,2/4/22,3.02,1.09,36.23,23.79999924,7.74,5.3
25.91247215,-80.1373897,56:16.7,2/4/22,3.02,1.11,35.9,23.79999924,7.74,5.31
25.91247382,-80.13739442,56:17.7,2/4/22,3.04,1.11,37.89,23.79999924,7.74,5.24
25.9124758,-80.13739938,56:18.7,2/4/22,3.06,1.1,35.9,23.79999924,7.74,5.32
25.91247704,-80.13740418,56:19.8,2/4/22,3.11,1.1,35.9,23.79999924,7.74,5.32
25.91247829,-80.13740939,56:20.8,2/4/22,3.13,1.07,38.0,23.79999924,7.74,5.24
25.91247944,-80.13741456,56:21.8,2/4/22,3.13,1.07,36.65,23.79999924,7.74,5.28
25.91248005,-80.13742067,56:22.8,2/4/22,3.15,1.07,37.8,23.79999924,7.74,5.25
25.91248044,-80.13742608,56:23.8,2/4/22,3.19,1.06,37.8,23.79999924,7.74,5.25
25.91248127,-80.13743173,56:24.8,2/4/22,3.2,1.07,36.39,23.79999924,7.73,5.3
25.91248216,-80.13743879,56:25.8,2/4/22,3.2,1.06,37.84,23.79999924,7.74,5.28
25.9124823,-80.13744475,56:26.8,2/4/22,3.23,1.05,37.84,23.79999924,7.74,5.28
25.91248318,-80.13745012,56:27.8,2/4/22,3.26,1.06,36.43,23.79999924,7.74,5.33
25.91248457,-80.13745582,56:28.8,2/4/22,3.25,1.06,37.76,23.79999924,7.74,5.3
25.91248497,-80.13746117,56:29.9,2/4/22,3.31,1.07,37.76,23.79999924,7.74,5.3
25.91248507,-80.13746645,56:30.9,2/4/22,3.33,1.06,36.64,23.79999924,7.75,5.34
25.91248474,-80.13747103,56:31.9,2/4/22,3.32,1.04,37.0,23.79999924,7.74,5.33
25.91248433,-80.13747617,56:32.9,2/4/22,3.33,1.02,37.0,23.79999924,7.74,5.33
25.91248417,-80.13748117,56:33.9,2/4/22,3.35,1.03,37.19,23.79999924,7.74,5.32
25.91248467,-80.13748617,56:34.9,2/4/22,3.38,1.03,36.16,23.79999924,7.74,5.36
25.91248583,-80.13749117,56:36.0,2/4/22,3.37,1.05,37.77,23.79999924,7.74,5.3
25.91248674,-80.13749633,56:37.0,2/4/22,3.4,1.04,37.77,23.79999924,7.74,5.3
25.91248692,-80.1375015,56:37.9,2/4/22,3.39,1.05,36.92,23.79999924,7.74,5.33
25.91248733,-80.1375065,56:39.0,2/4/22,3.39,1.07,35.53,23.79999924,7.73,5.36
25.91248833,-80.13751217,56:40.0,2/4/22,3.42,1.05,35.53,23.79999924,7.73,5.36
25.912489,-80.13751817,56:41.0,2/4/22,3.45,1.05,38.03,23.79999924,7.74,5.29
25.91248917,-80.13752367,56:42.0,2/4/22,3.44,1.03,36.02,23.79999924,7.74,5.34
25.912489,-80.1375295,56:43.0,2/4/22,3.45,1.03,36.02,23.79999924,7.74,5.34
25.9124885,-80.13753483,56:44.0,2/4/22,3.46,1.02,35.7,23.79999924,7.74,5.35
25.91248833,-80.13754067,56:44.0,2/4/22,3.46,1.03,37.66,23.79999924,7.74,5.28
25.91248883,-80.13754739,56:46.0,2/4/22,3.45,1.03,36.83,23.79999924,7.74,5.3
25.9124899,-80.13755157,56:47.0,2/4/22,3.44,1.03,35.53,23.79999924,7.74,5.33
25.91249077,-80.13755787,56:48.2,2/4/22,3.45,1.03,37.73,23.79999924,7.74,5.25
25.91249125,-80.13756372,56:49.2,2/4/22,3.46,1.05,36.83,23.79999924,7.74,5.27
25.91249166,-80.13756876,56:50.2,2/4/22,3.47,1.06,36.24,23.79999924,7.74,5.28
25.91249294,-80.13757448,56:51.2,2/4/22,3.45,1.04,35.73,23.79999924,7.74,5.3
25.91249417,-80.1375793,56:52.2,2/4/22,3.42,1.02,37.39,23.79999924,7.75,5.24
25.91249533,-80.13758415,56:53.2,2/4/22,3.44,1.04,37.15,23.79999924,7.74,5.23
25.9124968,-80.13759011,56:54.2,2/4/22,3.42,1.02,36.29,23.79999924,7.74,5.25
25.91249776,-80.13759497,56:55.2,2/4/22,3.39,1.03,35.79,23.70000076,7.74,5.26
25.91249877,-80.13759997,56:56.3,2/4/22,3.4,1.03,36.39,23.79999924,7.74,5.23
25.91249977,-80.13760507,56:57.3,2/4/22,3.38,1.04,37.76,23.79999924,7.73,5.18
25.91250066,-80.13761065,56:58.3,2/4/22,3.36,1.05,36.62,23.70000076,7.74,5.21
25.9125015,-80.13761565,56:59.3,2/4/22,3.37,1.05,35.83,23.70000076,7.74,5.23
25.912502,-80.13762105,57:00.3,2/4/22,3.35,1.04,35.26,23.70000076,7.74,5.23
25.91250231,-80.13762657,57:01.3,2/4/22,3.36,1.05,37.12,23.70000076,7.73,5.17
25.91250322,-80.13763281,57:02.3,2/4/22,3.33,1.04,37.45,23.70000076,7.74,5.15
25.91250406,-80.13763789,57:03.3,2/4/22,3.3,1.05,35.99,23.70000076,7.74,5.18
25.91250463,-80.1376424,57:04.3,2/4/22,3.27,1.05,35.99,23.70000076,7.74,5.18
25.91250535,-80.13764803,57:05.3,2/4/22,3.26,1.03,35.64,23.70000076,7.74,5.18
25.91250616,-80.13765366,57:06.3,2/4/22,3.24,1.05,37.05,23.70000076,7.74,5.13
25.91250733,-80.13765989,57:07.3,2/4/22,3.2,1.09,37.05,23.70000076,7.74,5.13
25.91250766,-80.13766505,57:08.3,2/4/22,3.15,1.09,36.37,23.70000076,7.74,5.15
25.91250841,-80.13767072,57:09.3,2/4/22,3.15,1.09,35.7,23.70000076,7.74,5.16
25.91250931,-80.13767616,57:10.3,2/4/22,3.12,1.07,36.01,23.70000076,7.74,5.14
25.91251023,-80.13768104,57:11.3,2/4/22,3.08,1.05,36.75,23.70000076,7.73,5.09
25.91251042,-80.13768556,57:12.3,2/4/22,3.04,1.04,36.28,23.70000076,7.74,5.11
25.91251134,-80.13769055,57:13.3,2/4/22,3.02,1.01,36.28,23.70000076,7.74,5.11
25.9125134,-80.13769475,57:14.3,2/4/22,2.99,0.97,35.77,23.70000076,7.74,5.11
25.91251562,-80.13769886,57:15.3,2/4/22,2.99,0.94,37.95,23.70000076,7.74,5.05
25.91251836,-80.13770318,57:16.3,2/4/22,2.7,0.91,36.65,23.70000076,7.74,5.1
25.91252097,-80.13770664,57:17.3,2/4/22,2.71,0.94,36.17,23.70000076,7.75,5.11
25.91252398,-80.13771095,57:18.3,2/4/22,2.84,0.98,36.17,23.70000076,7.75,5.11
25.9125274,-80.13771481,57:19.4,2/4/22,2.83,0.98,35.56,23.70000076,7.74,5.12
25.91253125,-80.13771822,57:20.4,2/4/22,2.83,1.0,37.03,23.60000038,7.74,5.07
25.91253493,-80.1377216,57:21.4,2/4/22,2.72,1.01,37.8,23.70000076,7.74,5.05
25.91253874,-80.13772542,57:22.4,2/4/22,2.85,1.03,36.71,23.70000076,7.75,5.08
25.91254246,-80.13772911,57:23.4,2/4/22,2.86,1.05,35.7,23.70000076,7.74,5.11
25.91254611,-80.137733,57:24.4,2/4/22,2.85,1.06,35.7,23.70000076,7.74,5.11
25.91255049,-80.13773611,57:25.4,2/4/22,2.79,1.06,36.96,23.60000038,7.74,5.07
25.91255458,-80.13773966,57:26.4,2/4/22,2.79,1.07,36.65,23.60000038,7.74,5.08
25.91255869,-80.1377435,57:27.5,2/4/22,2.8,1.07,36.65,23.60000038,7.74,5.08
25.91256228,-80.13774749,57:28.5,2/4/22,2.6,1.09,36.19,23.60000038,7.74,5.09
25.91256531,-80.1377514,57:29.5,2/4/22,2.7,1.1,37.14,23.60000038,7.74,5.06
25.912569,-80.13775601,57:30.5,2/4/22,2.69,1.14,37.14,23.60000038,7.74,5.06
25.91257268,-80.13775959,57:31.5,2/4/22,2.67,1.13,37.66,23.60000038,7.74,5.05
25.9125762,-80.13776274,57:32.5,2/4/22,2.64,1.12,36.63,23.60000038,7.74,5.09
25.91258006,-80.13776582,57:33.5,2/4/22,2.61,1.11,35.69,23.60000038,7.74,5.11
25.91258451,-80.13776915,57:34.5,2/4/22,2.57,1.08,37.07,23.60000038,7.74,5.06
25.91258814,-80.13777191,57:35.5,2/4/22,2.54,1.07,37.65,23.60000038,7.74,5.03
25.91259284,-80.13777552,57:36.5,2/4/22,2.56,1.06,37.65,23.60000038,7.74,5.03
25.91259667,-80.13777859,57:37.6,2/4/22,2.55,1.07,36.58,23.60000038,7.74,5.07
25.91260076,-80.13778204,57:38.6,2/4/22,2.55,1.09,36.01,23.60000038,7.74,5.09
25.91260521,-80.13778517,57:39.6,2/4/22,2.51,1.08,36.67,23.60000038,7.74,5.07
25.91260894,-80.13778825,57:40.6,2/4/22,2.49,1.05,36.67,23.60000038,7.74,5.07
25.91261279,-80.13779122,57:41.6,2/4/22,2.48,1.05,37.65,23.60000038,7.74,5.04
25.91261703,-80.13779424,57:42.6,2/4/22,2.47,1.05,36.18,23.60000038,7.74,5.09
25.91262118,-80.13779687,57:43.6,2/4/22,2.45,1.06,36.18,23.60000038,7.74,5.09
25.91262559,-80.13780002,57:44.6,2/4/22,2.39,1.05,35.6,23.60000038,7.74,5.11
25.91263012,-80.1378031,57:45.6,2/4/22,2.35,1.07,36.26,23.60000038,7.74,5.08
25.91263448,-80.13780581,57:46.6,2/4/22,2.36,1.07,36.86,23.60000038,7.74,5.07
25.91263737,-80.13780975,57:47.6,2/4/22,2.35,1.07,36.86,23.60000038,7.74,5.07
25.9126416,-80.13781268,57:48.6,2/4/22,2.33,1.06,36.34,23.60000038,7.74,5.09
25.91264568,-80.13781556,57:49.6,2/4/22,2.32,1.06,35.63,23.60000038,7.74,5.12
25.91265044,-80.13781766,57:50.7,2/4/22,2.29,1.07,37.74,23.60000038,7.74,5.05
25.91265563,-80.13781974,57:51.7,2/4/22,2.3,1.09,37.1,23.60000038,7.74,5.08
25.91265956,-80.1378222,57:52.7,2/4/22,2.29,1.06,37.1,23.60000038,7.74,5.08
25.91266401,-80.13782413,57:53.7,2/4/22,2.27,1.05,36.44,23.60000038,7.74,5.1
25.91266947,-80.13782623,57:54.7,2/4/22,2.25,1.06,35.66,23.60000038,7.75,5.11
25.91267434,-80.13782822,57:55.7,2/4/22,2.22,1.05,35.66,23.60000038,7.75,5.11
25.9126787,-80.13783064,57:56.7,2/4/22,2.13,1.07,37.72,23.60000038,7.74,5.03
25.91268335,-80.13783284,57:57.8,2/4/22,2.07,1.08,36.48,23.60000038,7.74,5.08
25.9126891,-80.13783526,57:58.8,2/4/22,1.81,1.02,36.48,23.60000038,7.74,5.08
25.91269387,-80.13783739,57:59.8,2/4/22,1.96,1.04,35.66,23.60000038,7.74,5.1
25.91269936,-80.13783983,58:00.8,2/4/22,2.03,1.07,35.57,23.60000038,7.74,5.1
25.9127044,-80.13784235,58:01.8,2/4/22,2.02,1.08,37.54,23.60000038,7.74,5.04
25.91270886,-80.13784544,58:02.8,2/4/22,2.03,1.05,37.54,23.60000038,7.74,5.04
25.91271273,-80.13784755,58:03.8,2/4/22,2.01,1.01,36.41,23.60000038,7.74,5.09
25.91271718,-80.13784856,58:04.8,2/4/22,1.97,0.94,35.62,23.60000038,7.73,5.1
25.91272066,-80.13784954,58:05.8,2/4/22,1.92,0.88,35.62,23.60000038,7.73,5.1
25.91272341,-80.13785065,58:06.8,2/4/22,1.9,0.81,36.78,23.60000038,7.74,5.07
25.91272647,-80.13785148,58:07.8,2/4/22,1.93,0.77,36.61,23.60000038,7.74,5.09
25.91272934,-80.13785204,58:08.8,2/4/22,2.01,0.76,36.61,23.60000038,7.74,5.09
25.91273206,-80.13785358,58:09.8,2/4/22,2.07,0.72,36.08,23.60000038,7.74,5.1
25.91273429,-80.13785466,58:10.8,2/4/22,2.11,0.67,36.24,23.60000038,7.74,5.09
25.91273633,-80.13785612,58:11.8,2/4/22,2.18,0.62,36.24,23.60000038,7.74,5.09
25.9127386,-80.13785687,58:12.8,2/4/22,2.27,0.58,37.5,23.60000038,7.74,5.06
25.91274138,-80.13785658,58:13.8,2/4/22,2.36,0.52,36.16,23.60000038,7.74,5.11
25.91274306,-80.13785721,58:14.8,2/4/22,2.42,0.5,36.16,23.60000038,7.74,5.11
25.91274663,-80.13785691,58:15.8,2/4/22,2.45,0.47,35.86,23.60000038,7.74,5.12
25.91274845,-80.13785741,58:16.8,2/4/22,2.46,0.44,37.51,23.60000038,7.74,5.08
25.91275165,-80.13785677,58:17.8,2/4/22,2.43,0.43,37.51,23.60000038,7.74,5.08
25.91275321,-80.13785752,58:18.8,2/4/22,2.44,0.4,37.4,23.60000038,7.74,5.09
25.91275489,-80.13785829,58:19.8,2/4/22,2.43,0.38,36.01,23.60000038,7.74,5.14
25.91275647,-80.13785895,58:20.8,2/4/22,2.38,0.36,36.01,23.60000038,7.74,5.14
25.91275768,-80.13785975,58:21.8,2/4/22,2.33,0.34,35.38,23.60000038,7.74,5.15
25.91275721,-80.13786253,58:22.8,2/4/22,2.27,0.31,37.01,23.60000038,7.74,5.11
25.91276158,-80.13786002,58:23.8,2/4/22,2.22,0.29,37.01,23.60000038,7.74,5.11
25.91276362,-80.13786019,58:24.8,2/4/22,2.19,0.28,37.48,23.60000038,7.74,5.1
25.91276486,-80.13786088,58:25.8,2/4/22,2.14,0.27,36.21,23.60000038,7.74,5.14
25.91276657,-80.1378607,58:26.8,2/4/22,2.09,0.26,36.21,23.60000038,7.74,5.14
25.91276714,-80.13786167,58:27.8,2/4/22,2.07,0.24,35.94,23.60000038,7.73,5.15
25.91276753,-80.13786299,58:28.8,2/4/22,2.04,0.23,35.6,23.60000038,7.74,5.17
25.91276813,-80.13786443,58:29.8,2/4/22,1.99,0.22,35.6,23.60000038,7.74,5.17
25.91276871,-80.13786545,58:30.8,2/4/22,1.97,0.2,35.48,23.60000038,7.74,5.18
25.91276966,-80.13786574,58:31.8,2/4/22,1.92,0.19,35.01,23.60000038,7.74,5.19
25.91277047,-80.13786597,58:32.8,2/4/22,1.9,0.15,35.01,23.60000038,7.74,5.19
25.91277071,-80.1378668,58:33.8,2/4/22,1.88,0.14,35.12,23.60000038,7.74,5.2
25.91277124,-80.13786741,58:34.8,2/4/22,1.87,0.14,35.08,23.60000038,7.74,5.21
25.91277194,-80.13786807,58:35.8,2/4/22,1.82,0.14,35.08,23.60000038,7.74,5.21
25.91277199,-80.13786912,58:36.8,2/4/22,1.82,0.14,35.58,23.60000038,7.74,5.2
25.91277207,-80.13787041,58:37.8,2/4/22,1.79,0.16,36.52,23.60000038,7.74,5.17
25.91277229,-80.13787114,58:38.8,2/4/22,1.72,0.15,36.52,23.60000038,7.74,5.17
25.91277277,-80.13787157,58:39.9,2/4/22,1.65,0.14,36.87,23.60000038,7.74,5.16
25.91277326,-80.13787288,58:40.9,2/4/22,1.57,0.14,37.11,23.60000038,7.74,5.16
25.91277467,-80.13787433,58:41.9,2/4/22,1.52,0.13,37.11,23.60000038,7.74,5.16
25.91277414,-80.13787559,58:42.9,2/4/22,1.45,0.17,37.22,23.60000038,7.74,5.16
25.91277364,-80.13787691,58:43.9,2/4/22,1.35,0.15,37.16,23.60000038,7.74,5.16
25.91277382,-80.13787808,58:44.9,2/4/22,1.31,0.14,37.16,23.60000038,7.74,5.16
25.91277365,-80.13787907,58:46.0,2/4/22,1.26,0.14,36.72,23.60000038,7.74,5.17
25.91277365,-80.13788007,58:47.0,2/4/22,1.21,0.13,36.75,23.60000038,7.74,5.17
25.9127735,-80.137881,58:48.0,2/4/22,1.2,0.12,36.05,23.60000038,7.74,5.19
25.91277317,-80.137882,58:49.0,2/4/22,1.19,0.12,36.05,23.60000038,7.74,5.19
25.91277233,-80.13788367,58:50.0,2/4/22,1.18,0.07,35.93,23.60000038,7.74,5.2
25.91277133,-80.13788467,58:51.0,2/4/22,1.17,0.08,35.89,23.60000038,7.74,5.2
25.91277083,-80.1378855,58:52.0,2/4/22,1.17,0.21,35.89,23.60000038,7.74,5.2
25.91277133,-80.13788606,58:53.0,2/4/22,1.16,0.1,35.78,23.60000038,7.74,5.21
25.91277166,-80.13788638,58:54.0,2/4/22,1.14,0.09,35.7,23.60000038,7.74,5.22
25.912772,-80.13788726,58:55.0,2/4/22,1.14,0.15,35.7,23.60000038,7.74,5.22
25.91277216,-80.13788807,58:56.0,2/4/22,1.14,0.12,35.71,23.60000038,7.74,5.22
25.91277215,-80.13788836,58:57.0,2/4/22,1.12,0.05,35.57,23.60000038,7.74,5.23
25.9127724,-80.13788934,58:58.0,2/4/22,1.11,0.13,35.57,23.60000038,7.74,5.23
25.91277316,-80.13789023,58:59.0,2/4/22,1.11,0.19,35.65,23.60000038,7.74,5.23
25.91277368,-80.13789213,59:00.0,2/4/22,1.09,0.06,35.66,23.60000038,7.74,5.23
25.91277371,-80.13789386,59:01.0,2/4/22,1.08,0.1,35.72,23.60000038,7.74,5.22
25.91277507,-80.13789406,59:02.0,2/4/22,1.09,0.17,35.72,23.60000038,7.74,5.22
25.91277259,-80.13789809,59:03.0,2/4/22,1.11,0.25,35.7,23.60000038,7.74,5.22
25.91277125,-80.13790042,59:04.0,2/4/22,1.11,0.24,35.96,23.60000038,7.74,5.21
25.91277074,-80.13790109,59:05.0,2/4/22,1.09,0.22,35.96,23.60000038,7.74,5.21
25.91276917,-80.13790133,59:06.0,2/4/22,1.08,0.2,36.21,23.60000038,7.74,5.2
25.91277133,-80.13790183,59:07.0,2/4/22,1.07,0.19,36.9,23.60000038,7.74,5.19
25.91277058,-80.13790203,59:08.0,2/4/22,1.09,0.17,36.9,23.60000038,7.74,5.19
25.91276924,-80.13790169,59:09.0,2/4/22,1.09,0.15,36.96,23.60000038,7.74,5.19
25.91276888,-80.13790151,59:10.0,2/4/22,1.09,0.1,35.73,23.60000038,7.74,5.21
25.91276819,-80.13790099,59:11.0,2/4/22,1.09,0.05,35.73,23.60000038,7.74,5.21
25.91276549,-80.13790118,59:12.0,2/4/22,1.1,0.02,35.38,23.60000038,7.74,5.22
25.91276106,-80.13790277,59:13.0,2/4/22,1.09,0.22,34.68,23.60000038,7.74,5.26
25.91275885,-80.13790389,59:14.0,2/4/22,1.1,0.1,34.68,23.60000038,7.74,5.26
25.91275767,-80.13790437,59:15.0,2/4/22,1.09,0.06,34.65,23.60000038,7.74,5.26
25.91275735,-80.13790454,59:16.0,2/4/22,1.07,0.07,34.66,23.60000038,7.74,5.26
25.91275984,-80.13790319,59:17.0,2/4/22,1.07,0.05,34.66,23.60000038,7.74,5.26
25.91275883,-80.13790333,59:18.0,2/4/22,1.08,0.03,34.64,23.60000038,7.74,5.26
25.91275883,-80.137903,59:19.0,2/4/22,1.08,0.02,34.69,23.60000038,7.74,5.25
25.912757,-80.13790283,59:20.0,2/4/22,1.06,0.06,34.69,23.60000038,7.74,5.25
25.912754,-80.13790283,59:21.0,2/4/22,1.08,0.02,34.6,23.60000038,7.74,5.27
25.9127505,-80.1379025,59:22.0,2/4/22,1.08,0.11,34.93,23.60000038,7.74,5.26
25.91274952,-80.13790236,59:23.0,2/4/22,1.09,0.06,34.93,23.60000038,7.74,5.26
25.91274951,-80.13790268,59:24.0,2/4/22,1.09,0.03,34.77,23.60000038,7.74,5.27
25.91274714,-80.13790308,59:25.0,2/4/22,1.07,0.17,34.67,23.60000038,7.74,5.28
25.91274816,-80.13790362,59:26.0,2/4/22,1.07,0.08,34.67,23.60000038,7.74,5.28
